2026-01-21 22:00:50.964 [info] [main] Log level: Info
2026-01-21 22:00:50.964 [info] [main] Validating found git in: "git"
2026-01-21 22:00:50.964 [info] [main] Using git "2.52.0" from "git"
2026-01-21 22:00:50.964 [info] [Model][doInitialScan] Initial repository scan started
2026-01-21 22:00:50.964 [info] [Model][doInitialScan] Initial repository scan completed - repositories (0), closed repositories (0), parent repositories (0), unsafe repositories (0)
2026-01-21 22:01:04.936 [info] [main] Log level: Info
2026-01-21 22:01:04.936 [info] [main] Validating found git in: "git"
2026-01-21 22:01:04.936 [info] [main] Using git "2.52.0" from "git"
2026-01-21 22:01:04.936 [info] [Model][doInitialScan] Initial repository scan started
2026-01-21 22:01:04.936 [info] > git rev-parse --show-toplevel [21ms]
2026-01-21 22:01:04.948 [info] > git rev-parse --git-dir --git-common-dir --show-superproject-working-tree [5ms]
2026-01-21 22:01:04.979 [info] [Model][openRepository] Opened repository (path): /home/fxp/FxP1998
2026-01-21 22:01:04.979 [info] [Model][openRepository] Opened repository (real path): /home/fxp/FxP1998
2026-01-21 22:01:04.979 [info] [Model][openRepository] Opened repository (kind): repository
2026-01-21 22:01:05.006 [info] > git config --get commit.template [11ms]
2026-01-21 22:01:05.011 [info] > git rev-parse --show-toplevel [10ms]
2026-01-21 22:01:05.034 [info] > git for-each-ref --format=%(refname)%00%(upstream:short)%00%(objectname)%00%(upstream:track)%00%(upstream:remotename)%00%(upstream:remoteref) refs/heads/main refs/remotes/main [13ms]
2026-01-21 22:01:05.039 [info] > git rev-parse --show-toplevel [7ms]
2026-01-21 22:01:05.094 [info] > git for-each-ref --sort -committerdate --format %(refname)%00%(objectname)%00%(*objectname) [13ms]
2026-01-21 22:01:05.097 [info] > git rev-parse --show-toplevel [51ms]
2026-01-21 22:01:05.110 [info] > git rev-parse --show-toplevel [2ms]
2026-01-21 22:01:05.112 [info] [Model][doInitialScan] Initial repository scan completed - repositories (1), closed repositories (0), parent repositories (0), unsafe repositories (0)
2026-01-21 22:01:05.131 [info] > git status -z -uall [76ms]
2026-01-21 22:01:05.196 [info] > git for-each-ref --format=%(refname)%00%(upstream:short)%00%(objectname)%00%(upstream:track)%00%(upstream:remotename)%00%(upstream:remoteref) refs/heads/main refs/remotes/main [16ms]
2026-01-21 22:01:05.214 [info] > git config --get --local branch.main.vscode-merge-base [8ms]
2026-01-21 22:01:05.214 [warning] [Git][config] git config failed: Failed to execute git
2026-01-21 22:01:05.221 [info] > git config --get commit.template [26ms]
2026-01-21 22:01:05.229 [info] > git reflog main --grep-reflog=branch: Created from *. [9ms]
2026-01-21 22:01:05.270 [info] > git symbolic-ref --short refs/remotes/origin/HEAD [36ms]
2026-01-21 22:01:05.276 [info] > git for-each-ref --format=%(refname)%00%(upstream:short)%00%(objectname)%00%(upstream:track)%00%(upstream:remotename)%00%(upstream:remoteref) refs/heads/main refs/remotes/main [49ms]
2026-01-21 22:01:05.296 [info] > git for-each-ref --format=%(refname)%00%(upstream:short)%00%(objectname)%00%(upstream:track)%00%(upstream:remotename)%00%(upstream:remoteref) refs/heads/origin/main refs/remotes/origin/main [20ms]
2026-01-21 22:01:05.311 [info] > git for-each-ref --sort -committerdate --format %(refname)%00%(objectname)%00%(*objectname) [18ms]
2026-01-21 22:01:05.315 [info] > git config --add --local branch.main.vscode-merge-base origin/main [5ms]
2026-01-21 22:01:05.336 [info] > git status -z -uall [53ms] (cancelled)
2026-01-21 22:01:05.339 [info] > git config --get commit.template [4ms]
2026-01-21 22:01:05.356 [info] > git for-each-ref --format=%(refname)%00%(upstream:short)%00%(objectname)%00%(upstream:track)%00%(upstream:remotename)%00%(upstream:remoteref) refs/heads/main refs/remotes/main [5ms]
2026-01-21 22:01:05.410 [info] > git for-each-ref --sort -committerdate --format %(refname)%00%(objectname)%00%(*objectname) [31ms]
2026-01-21 22:01:05.452 [info] > git status -z -uall [87ms]
2026-01-21 22:01:05.497 [info] > git merge-base refs/heads/main refs/remotes/origin/main [24ms]
2026-01-21 22:01:05.524 [info] > git diff --name-status -z --diff-filter=ADMR --find-renames=50% 4bfa8b1dcdb8c491ab7d2a0dc16e3707a1ba5cc6...refs/remotes/origin/main -- [15ms]
2026-01-21 22:01:05.525 [info] > git merge-base refs/heads/main refs/remotes/origin/main [30ms]
2026-01-21 22:01:05.537 [info] > git diff --name-status -z --diff-filter=ADMR --find-renames=50% 4bfa8b1dcdb8c491ab7d2a0dc16e3707a1ba5cc6...refs/remotes/origin/main -- [4ms]
2026-01-21 22:01:05.597 [info] > git check-ignore -v -z --stdin [51ms]
2026-01-21 22:01:07.183 [info] > git config --get commit.template [8ms]
2026-01-21 22:01:07.185 [info] > git for-each-ref --format=%(refname)%00%(upstream:short)%00%(objectname)%00%(upstream:track)%00%(upstream:remotename)%00%(upstream:remoteref) refs/heads/main refs/remotes/main [3ms]
2026-01-21 22:01:07.207 [info] > git for-each-ref --sort -committerdate --format %(refname)%00%(objectname)%00%(*objectname) [5ms]
2026-01-21 22:01:07.251 [info] > git status -z -uall [60ms]
2026-01-21 22:01:09.093 [info] > git show --textconv :README.md [11ms]
2026-01-21 22:01:09.100 [info] > git ls-files --stage -- README.md [8ms]
2026-01-21 22:01:09.109 [info] > git cat-file -s 28c9433e688df2c3b8c9cb436eb3411e2f837566 [3ms]
2026-01-21 22:01:12.278 [info] > git config --get commit.template [7ms]
2026-01-21 22:01:12.279 [info] > git for-each-ref --format=%(refname)%00%(upstream:short)%00%(objectname)%00%(upstream:track)%00%(upstream:remotename)%00%(upstream:remoteref) refs/heads/main refs/remotes/main [3ms]
2026-01-21 22:01:12.301 [info] > git for-each-ref --sort -committerdate --format %(refname)%00%(objectname)%00%(*objectname) [5ms]
2026-01-21 22:01:12.346 [info] > git status -z -uall [61ms]
2026-01-21 22:01:17.371 [info] > git config --get commit.template [8ms]
2026-01-21 22:01:17.373 [info] > git for-each-ref --format=%(refname)%00%(upstream:short)%00%(objectname)%00%(upstream:track)%00%(upstream:remotename)%00%(upstream:remoteref) refs/heads/main refs/remotes/main [3ms]
2026-01-21 22:01:17.398 [info] > git for-each-ref --sort -committerdate --format %(refname)%00%(objectname)%00%(*objectname) [3ms]
2026-01-21 22:01:17.455 [info] > git status -z -uall [76ms]
2026-01-21 22:01:25.446 [info] > git config --get commit.template [7ms]
2026-01-21 22:01:25.448 [info] > git for-each-ref --format=%(refname)%00%(upstream:short)%00%(objectname)%00%(upstream:track)%00%(upstream:remotename)%00%(upstream:remoteref) refs/heads/main refs/remotes/main [3ms]
2026-01-21 22:01:25.471 [info] > git for-each-ref --sort -committerdate --format %(refname)%00%(objectname)%00%(*objectname) [6ms]
2026-01-21 22:01:25.529 [info] > git status -z -uall [75ms]
2026-01-21 22:01:30.556 [info] > git config --get commit.template [7ms]
2026-01-21 22:01:30.557 [info] > git for-each-ref --format=%(refname)%00%(upstream:short)%00%(objectname)%00%(upstream:track)%00%(upstream:remotename)%00%(upstream:remoteref) refs/heads/main refs/remotes/main [3ms]
2026-01-21 22:01:30.578 [info] > git for-each-ref --sort -committerdate --format %(refname)%00%(objectname)%00%(*objectname) [5ms]
2026-01-21 22:01:30.621 [info] > git status -z -uall [57ms]
2026-01-21 22:01:35.646 [info] > git config --get commit.template [8ms]
2026-01-21 22:01:35.648 [info] > git for-each-ref --format=%(refname)%00%(upstream:short)%00%(objectname)%00%(upstream:track)%00%(upstream:remotename)%00%(upstream:remoteref) refs/heads/main refs/remotes/main [3ms]
2026-01-21 22:01:35.685 [info] > git for-each-ref --sort -committerdate --format %(refname)%00%(objectname)%00%(*objectname) [6ms]
2026-01-21 22:01:35.716 [info] > git status -z -uall [61ms]
2026-01-21 22:01:40.743 [info] > git config --get commit.template [7ms]
2026-01-21 22:01:40.745 [info] > git for-each-ref --format=%(refname)%00%(upstream:short)%00%(objectname)%00%(upstream:track)%00%(upstream:remotename)%00%(upstream:remoteref) refs/heads/main refs/remotes/main [3ms]
2026-01-21 22:01:40.763 [info] > git for-each-ref --sort -committerdate --format %(refname)%00%(objectname)%00%(*objectname) [4ms]
2026-01-21 22:01:40.816 [info] > git status -z -uall [65ms]
2026-01-21 22:01:45.838 [info] > git config --get commit.template [7ms]
2026-01-21 22:01:45.840 [info] > git for-each-ref --format=%(refname)%00%(upstream:short)%00%(objectname)%00%(upstream:track)%00%(upstream:remotename)%00%(upstream:remoteref) refs/heads/main refs/remotes/main [3ms]
2026-01-21 22:01:45.864 [info] > git for-each-ref --sort -committerdate --format %(refname)%00%(objectname)%00%(*objectname) [3ms]
2026-01-21 22:01:45.911 [info] > git status -z -uall [65ms]
2026-01-21 22:01:55.418 [info] > git config --get commit.template [8ms]
2026-01-21 22:01:55.420 [info] > git for-each-ref --format=%(refname)%00%(upstream:short)%00%(objectname)%00%(upstream:track)%00%(upstream:remotename)%00%(upstream:remoteref) refs/heads/main refs/remotes/main [3ms]
2026-01-21 22:01:55.450 [info] > git for-each-ref --sort -committerdate --format %(refname)%00%(objectname)%00%(*objectname) [5ms]
2026-01-21 22:01:55.505 [info] > git status -z -uall [76ms]
2026-01-21 22:02:00.592 [info] > git config --get commit.template [7ms]
2026-01-21 22:02:00.593 [info] > git for-each-ref --format=%(refname)%00%(upstream:short)%00%(objectname)%00%(upstream:track)%00%(upstream:remotename)%00%(upstream:remoteref) refs/heads/main refs/remotes/main [2ms]
2026-01-21 22:02:00.614 [info] > git for-each-ref --sort -committerdate --format %(refname)%00%(objectname)%00%(*objectname) [6ms]
2026-01-21 22:02:00.661 [info] > git status -z -uall [62ms]
2026-01-21 22:02:18.668 [info] > git config --get commit.template [7ms]
2026-01-21 22:02:18.670 [info] > git for-each-ref --format=%(refname)%00%(upstream:short)%00%(objectname)%00%(upstream:track)%00%(upstream:remotename)%00%(upstream:remoteref) refs/heads/main refs/remotes/main [3ms]
2026-01-21 22:02:18.708 [info] > git for-each-ref --sort -committerdate --format %(refname)%00%(objectname)%00%(*objectname) [5ms]
2026-01-21 22:02:18.745 [info] > git status -z -uall [69ms]
2026-01-21 22:02:20.405 [info] > git for-each-ref --sort -committerdate --format %(refname)%00%(objectname)%00%(*objectname)%00%(parent)%00%(*parent)%00%(authorname)%00%(*authorname)%00%(committerdate:unix)%00%(*committerdate:unix)%00%(subject)%00%(*subject)%00%(upstream:track) [3ms]
2026-01-21 22:02:21.380 [info] > git for-each-ref --sort -committerdate --format %(refname)%00%(objectname)%00%(*objectname)%00%(parent)%00%(*parent)%00%(authorname)%00%(*authorname)%00%(committerdate:unix)%00%(*committerdate:unix)%00%(subject)%00%(*subject)%00%(upstream:track) [4ms]
2026-01-21 22:02:28.921 [info] > git config --get commit.template [8ms]
2026-01-21 22:02:28.923 [info] > git for-each-ref --format=%(refname)%00%(upstream:short)%00%(objectname)%00%(upstream:track)%00%(upstream:remotename)%00%(upstream:remoteref) refs/heads/main refs/remotes/main [3ms]
2026-01-21 22:02:28.967 [info] > git for-each-ref --sort -committerdate --format %(refname)%00%(objectname)%00%(*objectname) [1ms]
2026-01-21 22:02:29.002 [info] > git status -z -uall [74ms]
2026-01-21 22:02:34.028 [info] > git config --get commit.template [7ms]
2026-01-21 22:02:34.030 [info] > git for-each-ref --format=%(refname)%00%(upstream:short)%00%(objectname)%00%(upstream:track)%00%(upstream:remotename)%00%(upstream:remoteref) refs/heads/main refs/remotes/main [2ms]
2026-01-21 22:02:34.051 [info] > git for-each-ref --sort -committerdate --format %(refname)%00%(objectname)%00%(*objectname) [8ms]
2026-01-21 22:02:34.091 [info] > git status -z -uall [56ms]
2026-01-21 22:02:39.114 [info] > git config --get commit.template [7ms]
2026-01-21 22:02:39.116 [info] > git for-each-ref --format=%(refname)%00%(upstream:short)%00%(objectname)%00%(upstream:track)%00%(upstream:remotename)%00%(upstream:remoteref) refs/heads/main refs/remotes/main [3ms]
2026-01-21 22:02:39.138 [info] > git for-each-ref --sort -committerdate --format %(refname)%00%(objectname)%00%(*objectname) [2ms]
2026-01-21 22:02:39.180 [info] > git status -z -uall [57ms]
2026-01-21 22:02:44.204 [info] > git config --get commit.template [9ms]
2026-01-21 22:02:44.205 [info] > git for-each-ref --format=%(refname)%00%(upstream:short)%00%(objectname)%00%(upstream:track)%00%(upstream:remotename)%00%(upstream:remoteref) refs/heads/main refs/remotes/main [3ms]
2026-01-21 22:02:44.227 [info] > git for-each-ref --sort -committerdate --format %(refname)%00%(objectname)%00%(*objectname) [2ms]
2026-01-21 22:02:44.279 [info] > git status -z -uall [67ms]
2026-01-21 22:02:49.308 [info] > git config --get commit.template [9ms]
2026-01-21 22:02:49.311 [info] > git for-each-ref --format=%(refname)%00%(upstream:short)%00%(objectname)%00%(upstream:track)%00%(upstream:remotename)%00%(upstream:remoteref) refs/heads/main refs/remotes/main [4ms]
2026-01-21 22:02:49.350 [info] > git for-each-ref --sort -committerdate --format %(refname)%00%(objectname)%00%(*objectname) [22ms]
2026-01-21 22:02:49.397 [info] > git status -z -uall [78ms]
2026-01-21 22:02:49.578 [info] > git check-ignore -v -z --stdin [74ms]
2026-01-21 22:02:51.737 [info] > git log --format=%H%n%aN%n%aE%n%at%n%ct%n%P%n%D%n%B -z --shortstat --diff-merges=first-parent -n50 --skip=0 --topo-order --decorate=full --stdin [3204ms]
2026-01-21 22:02:51.806 [info] > git merge-base main origin/main [3ms]
2026-01-21 22:02:54.424 [info] > git config --get commit.template [8ms]
2026-01-21 22:02:54.425 [info] > git for-each-ref --format=%(refname)%00%(upstream:short)%00%(objectname)%00%(upstream:track)%00%(upstream:remotename)%00%(upstream:remoteref) refs/heads/main refs/remotes/main [3ms]
2026-01-21 22:02:54.450 [info] > git for-each-ref --sort -committerdate --format %(refname)%00%(objectname)%00%(*objectname) [9ms]
2026-01-21 22:02:54.496 [info] > git status -z -uall [64ms]
2026-01-21 22:02:59.519 [info] > git config --get commit.template [7ms]
2026-01-21 22:02:59.520 [info] > git for-each-ref --format=%(refname)%00%(upstream:short)%00%(objectname)%00%(upstream:track)%00%(upstream:remotename)%00%(upstream:remoteref) refs/heads/main refs/remotes/main [3ms]
2026-01-21 22:02:59.552 [info] > git for-each-ref --sort -committerdate --format %(refname)%00%(objectname)%00%(*objectname) [6ms]
2026-01-21 22:02:59.582 [info] > git status -z -uall [56ms]
2026-01-21 22:03:04.607 [info] > git config --get commit.template [7ms]
2026-01-21 22:03:04.609 [info] > git for-each-ref --format=%(refname)%00%(upstream:short)%00%(objectname)%00%(upstream:track)%00%(upstream:remotename)%00%(upstream:remoteref) refs/heads/main refs/remotes/main [3ms]
2026-01-21 22:03:04.635 [info] > git for-each-ref --sort -committerdate --format %(refname)%00%(objectname)%00%(*objectname) [8ms]
2026-01-21 22:03:04.678 [info] > git status -z -uall [64ms]
2026-01-21 22:03:27.162 [info] > git config --get commit.template [8ms]
2026-01-21 22:03:27.164 [info] > git for-each-ref --format=%(refname)%00%(upstream:short)%00%(objectname)%00%(upstream:track)%00%(upstream:remotename)%00%(upstream:remoteref) refs/heads/main refs/remotes/main [3ms]
2026-01-21 22:03:27.182 [info] > git for-each-ref --sort -committerdate --format %(refname)%00%(objectname)%00%(*objectname) [4ms]
2026-01-21 22:03:27.233 [info] > git status -z -uall [63ms]
2026-01-21 22:03:32.259 [info] > git config --get commit.template [7ms]
2026-01-21 22:03:32.261 [info] > git for-each-ref --format=%(refname)%00%(upstream:short)%00%(objectname)%00%(upstream:track)%00%(upstream:remotename)%00%(upstream:remoteref) refs/heads/main refs/remotes/main [3ms]
2026-01-21 22:03:32.288 [info] > git for-each-ref --sort -committerdate --format %(refname)%00%(objectname)%00%(*objectname) [12ms]
2026-01-21 22:03:32.322 [info] > git status -z -uall [56ms]
2026-01-21 22:03:37.346 [info] > git config --get commit.template [8ms]
2026-01-21 22:03:37.347 [info] > git for-each-ref --format=%(refname)%00%(upstream:short)%00%(objectname)%00%(upstream:track)%00%(upstream:remotename)%00%(upstream:remoteref) refs/heads/main refs/remotes/main [3ms]
2026-01-21 22:03:37.368 [info] > git for-each-ref --sort -committerdate --format %(refname)%00%(objectname)%00%(*objectname) [5ms]
2026-01-21 22:03:37.421 [info] > git status -z -uall [68ms]
2026-01-21 22:03:42.443 [info] > git config --get commit.template [6ms]
2026-01-21 22:03:42.445 [info] > git for-each-ref --format=%(refname)%00%(upstream:short)%00%(objectname)%00%(upstream:track)%00%(upstream:remotename)%00%(upstream:remoteref) refs/heads/main refs/remotes/main [3ms]
2026-01-21 22:03:42.467 [info] > git for-each-ref --sort -committerdate --format %(refname)%00%(objectname)%00%(*objectname) [1ms]
2026-01-21 22:03:42.512 [info] > git status -z -uall [61ms]
2026-01-21 22:03:50.477 [info] > git config --get commit.template [6ms]
2026-01-21 22:03:50.478 [info] > git for-each-ref --format=%(refname)%00%(upstream:short)%00%(objectname)%00%(upstream:track)%00%(upstream:remotename)%00%(upstream:remoteref) refs/heads/main refs/remotes/main [3ms]
2026-01-21 22:03:50.502 [info] > git for-each-ref --sort -committerdate --format %(refname)%00%(objectname)%00%(*objectname) [6ms]
2026-01-21 22:03:50.543 [info] > git status -z -uall [59ms]
2026-01-21 22:03:55.575 [info] > git config --get commit.template [8ms]
2026-01-21 22:03:55.577 [info] > git for-each-ref --format=%(refname)%00%(upstream:short)%00%(objectname)%00%(upstream:track)%00%(upstream:remotename)%00%(upstream:remoteref) refs/heads/main refs/remotes/main [3ms]
2026-01-21 22:03:55.595 [info] > git for-each-ref --sort -committerdate --format %(refname)%00%(objectname)%00%(*objectname) [2ms]
2026-01-21 22:03:55.656 [info] > git status -z -uall [74ms]
2026-01-21 22:04:00.682 [info] > git config --get commit.template [7ms]
2026-01-21 22:04:00.684 [info] > git for-each-ref --format=%(refname)%00%(upstream:short)%00%(objectname)%00%(upstream:track)%00%(upstream:remotename)%00%(upstream:remoteref) refs/heads/main refs/remotes/main [3ms]
2026-01-21 22:04:00.719 [info] > git for-each-ref --sort -committerdate --format %(refname)%00%(objectname)%00%(*objectname) [20ms]
2026-01-21 22:04:00.744 [info] > git status -z -uall [54ms]
2026-01-21 22:04:05.764 [info] > git config --get commit.template [2ms]
2026-01-21 22:04:05.772 [info] > git for-each-ref --format=%(refname)%00%(upstream:short)%00%(objectname)%00%(upstream:track)%00%(upstream:remotename)%00%(upstream:remoteref) refs/heads/main refs/remotes/main [3ms]
2026-01-21 22:04:05.803 [info] > git for-each-ref --sort -committerdate --format %(refname)%00%(objectname)%00%(*objectname) [14ms]
2026-01-21 22:04:05.834 [info] > git status -z -uall [56ms]
2026-01-21 22:04:10.861 [info] > git config --get commit.template [7ms]
2026-01-21 22:04:10.863 [info] > git for-each-ref --format=%(refname)%00%(upstream:short)%00%(objectname)%00%(upstream:track)%00%(upstream:remotename)%00%(upstream:remoteref) refs/heads/main refs/remotes/main [3ms]
2026-01-21 22:04:10.898 [info] > git for-each-ref --sort -committerdate --format %(refname)%00%(objectname)%00%(*objectname) [2ms]
2026-01-21 22:04:10.941 [info] > git status -z -uall [72ms]
2026-01-21 22:04:15.972 [info] > git config --get commit.template [8ms]
2026-01-21 22:04:15.974 [info] > git for-each-ref --format=%(refname)%00%(upstream:short)%00%(objectname)%00%(upstream:track)%00%(upstream:remotename)%00%(upstream:remoteref) refs/heads/main refs/remotes/main [3ms]
2026-01-21 22:04:16.006 [info] > git for-each-ref --sort -committerdate --format %(refname)%00%(objectname)%00%(*objectname) [7ms]
2026-01-21 22:04:16.054 [info] > git status -z -uall [73ms]
2026-01-21 22:04:21.083 [info] > git config --get commit.template [7ms]
2026-01-21 22:04:21.085 [info] > git for-each-ref --format=%(refname)%00%(upstream:short)%00%(objectname)%00%(upstream:track)%00%(upstream:remotename)%00%(upstream:remoteref) refs/heads/main refs/remotes/main [3ms]
2026-01-21 22:04:21.133 [info] > git for-each-ref --sort -committerdate --format %(refname)%00%(objectname)%00%(*objectname) [32ms]
2026-01-21 22:04:21.165 [info] > git status -z -uall [71ms]
2026-01-21 22:04:26.199 [info] > git config --get commit.template [8ms]
2026-01-21 22:04:26.201 [info] > git for-each-ref --format=%(refname)%00%(upstream:short)%00%(objectname)%00%(upstream:track)%00%(upstream:remotename)%00%(upstream:remoteref) refs/heads/main refs/remotes/main [4ms]
2026-01-21 22:04:26.233 [info] > git for-each-ref --sort -committerdate --format %(refname)%00%(objectname)%00%(*objectname) [4ms]
2026-01-21 22:04:26.284 [info] > git status -z -uall [77ms]
2026-01-21 22:04:31.317 [info] > git config --get commit.template [7ms]
2026-01-21 22:04:31.319 [info] > git for-each-ref --format=%(refname)%00%(upstream:short)%00%(objectname)%00%(upstream:track)%00%(upstream:remotename)%00%(upstream:remoteref) refs/heads/main refs/remotes/main [3ms]
2026-01-21 22:04:31.343 [info] > git for-each-ref --sort -committerdate --format %(refname)%00%(objectname)%00%(*objectname) [1ms]
2026-01-21 22:04:31.383 [info] > git status -z -uall [58ms]
2026-01-21 22:04:36.413 [info] > git config --get commit.template [9ms]
2026-01-21 22:04:36.419 [info] > git for-each-ref --format=%(refname)%00%(upstream:short)%00%(objectname)%00%(upstream:track)%00%(upstream:remotename)%00%(upstream:remoteref) refs/heads/main refs/remotes/main [7ms]
2026-01-21 22:04:36.470 [info] > git for-each-ref --sort -committerdate --format %(refname)%00%(objectname)%00%(*objectname) [5ms]
2026-01-21 22:04:36.549 [info] > git status -z -uall [124ms]
2026-01-21 22:04:41.590 [info] > git config --get commit.template [8ms]
2026-01-21 22:04:41.592 [info] > git for-each-ref --format=%(refname)%00%(upstream:short)%00%(objectname)%00%(upstream:track)%00%(upstream:remotename)%00%(upstream:remoteref) refs/heads/main refs/remotes/main [3ms]
2026-01-21 22:04:41.617 [info] > git for-each-ref --sort -committerdate --format %(refname)%00%(objectname)%00%(*objectname) [1ms]
2026-01-21 22:04:41.655 [info] > git status -z -uall [58ms]
2026-01-21 22:04:46.678 [info] > git config --get commit.template [4ms]
2026-01-21 22:04:46.690 [info] > git for-each-ref --format=%(refname)%00%(upstream:short)%00%(objectname)%00%(upstream:track)%00%(upstream:remotename)%00%(upstream:remoteref) refs/heads/main refs/remotes/main [3ms]
2026-01-21 22:04:46.718 [info] > git for-each-ref --sort -committerdate --format %(refname)%00%(objectname)%00%(*objectname) [1ms]
2026-01-21 22:04:46.769 [info] > git status -z -uall [73ms]
2026-01-21 22:04:51.790 [info] > git config --get commit.template [3ms]
2026-01-21 22:04:51.798 [info] > git for-each-ref --format=%(refname)%00%(upstream:short)%00%(objectname)%00%(upstream:track)%00%(upstream:remotename)%00%(upstream:remoteref) refs/heads/main refs/remotes/main [2ms]
2026-01-21 22:04:51.822 [info] > git for-each-ref --sort -committerdate --format %(refname)%00%(objectname)%00%(*objectname) [10ms]
2026-01-21 22:04:51.869 [info] > git status -z -uall [64ms]
2026-01-21 22:04:56.900 [info] > git config --get commit.template [7ms]
2026-01-21 22:04:56.902 [info] > git for-each-ref --format=%(refname)%00%(upstream:short)%00%(objectname)%00%(upstream:track)%00%(upstream:remotename)%00%(upstream:remoteref) refs/heads/main refs/remotes/main [3ms]
2026-01-21 22:04:56.924 [info] > git for-each-ref --sort -committerdate --format %(refname)%00%(objectname)%00%(*objectname) [5ms]
2026-01-21 22:04:56.968 [info] > git status -z -uall [60ms]
2026-01-21 22:05:01.997 [info] > git config --get commit.template [6ms]
2026-01-21 22:05:01.999 [info] > git for-each-ref --format=%(refname)%00%(upstream:short)%00%(objectname)%00%(upstream:track)%00%(upstream:remotename)%00%(upstream:remoteref) refs/heads/main refs/remotes/main [2ms]
2026-01-21 22:05:02.023 [info] > git for-each-ref --sort -committerdate --format %(refname)%00%(objectname)%00%(*objectname) [6ms]
2026-01-21 22:05:02.067 [info] > git status -z -uall [62ms]
2026-01-21 22:05:07.094 [info] > git config --get commit.template [7ms]
2026-01-21 22:05:07.098 [info] > git for-each-ref --format=%(refname)%00%(upstream:short)%00%(objectname)%00%(upstream:track)%00%(upstream:remotename)%00%(upstream:remoteref) refs/heads/main refs/remotes/main [5ms]
2026-01-21 22:05:07.126 [info] > git for-each-ref --sort -committerdate --format %(refname)%00%(objectname)%00%(*objectname) [11ms]
2026-01-21 22:05:07.162 [info] > git status -z -uall [58ms]
2026-01-21 22:05:12.195 [info] > git for-each-ref --format=%(refname)%00%(upstream:short)%00%(objectname)%00%(upstream:track)%00%(upstream:remotename)%00%(upstream:remoteref) refs/heads/main refs/remotes/main [6ms]
2026-01-21 22:05:12.195 [info] > git config --get commit.template [11ms]
2026-01-21 22:05:12.217 [info] > git for-each-ref --sort -committerdate --format %(refname)%00%(objectname)%00%(*objectname) [1ms]
2026-01-21 22:05:12.266 [info] > git status -z -uall [64ms]
2026-01-21 22:05:17.298 [info] > git config --get commit.template [8ms]
2026-01-21 22:05:17.299 [info] > git for-each-ref --format=%(refname)%00%(upstream:short)%00%(objectname)%00%(upstream:track)%00%(upstream:remotename)%00%(upstream:remoteref) refs/heads/main refs/remotes/main [2ms]
2026-01-21 22:05:17.317 [info] > git for-each-ref --sort -committerdate --format %(refname)%00%(objectname)%00%(*objectname) [5ms]
2026-01-21 22:05:17.369 [info] > git status -z -uall [64ms]
2026-01-21 22:05:22.400 [info] > git config --get commit.template [7ms]
2026-01-21 22:05:22.402 [info] > git for-each-ref --format=%(refname)%00%(upstream:short)%00%(objectname)%00%(upstream:track)%00%(upstream:remotename)%00%(upstream:remoteref) refs/heads/main refs/remotes/main [3ms]
2026-01-21 22:05:22.426 [info] > git for-each-ref --sort -committerdate --format %(refname)%00%(objectname)%00%(*objectname) [11ms]
2026-01-21 22:05:22.462 [info] > git status -z -uall [54ms]
2026-01-21 22:05:27.486 [info] > git config --get commit.template [7ms]
2026-01-21 22:05:27.488 [info] > git for-each-ref --format=%(refname)%00%(upstream:short)%00%(objectname)%00%(upstream:track)%00%(upstream:remotename)%00%(upstream:remoteref) refs/heads/main refs/remotes/main [2ms]
2026-01-21 22:05:27.508 [info] > git for-each-ref --sort -committerdate --format %(refname)%00%(objectname)%00%(*objectname) [2ms]
2026-01-21 22:05:27.559 [info] > git status -z -uall [66ms]
2026-01-21 22:05:32.584 [info] > git config --get commit.template [7ms]
2026-01-21 22:05:32.586 [info] > git for-each-ref --format=%(refname)%00%(upstream:short)%00%(objectname)%00%(upstream:track)%00%(upstream:remotename)%00%(upstream:remoteref) refs/heads/main refs/remotes/main [3ms]
2026-01-21 22:05:32.605 [info] > git for-each-ref --sort -committerdate --format %(refname)%00%(objectname)%00%(*objectname) [2ms]
2026-01-21 22:05:32.654 [info] > git status -z -uall [61ms]
2026-01-21 22:05:37.673 [info] > git config --get commit.template [2ms]
2026-01-21 22:05:37.681 [info] > git for-each-ref --format=%(refname)%00%(upstream:short)%00%(objectname)%00%(upstream:track)%00%(upstream:remotename)%00%(upstream:remoteref) refs/heads/main refs/remotes/main [2ms]
2026-01-21 22:05:37.709 [info] > git for-each-ref --sort -committerdate --format %(refname)%00%(objectname)%00%(*objectname) [1ms]
2026-01-21 22:05:37.745 [info] > git status -z -uall [58ms]
2026-01-21 22:05:42.771 [info] > git config --get commit.template [7ms]
2026-01-21 22:05:42.772 [info] > git for-each-ref --format=%(refname)%00%(upstream:short)%00%(objectname)%00%(upstream:track)%00%(upstream:remotename)%00%(upstream:remoteref) refs/heads/main refs/remotes/main [2ms]
2026-01-21 22:05:42.805 [info] > git for-each-ref --sort -committerdate --format %(refname)%00%(objectname)%00%(*objectname) [20ms]
2026-01-21 22:05:42.833 [info] > git status -z -uall [55ms]
2026-01-21 22:05:47.858 [info] > git config --get commit.template [6ms]
2026-01-21 22:05:47.859 [info] > git for-each-ref --format=%(refname)%00%(upstream:short)%00%(objectname)%00%(upstream:track)%00%(upstream:remotename)%00%(upstream:remoteref) refs/heads/main refs/remotes/main [2ms]
2026-01-21 22:05:47.887 [info] > git for-each-ref --sort -committerdate --format %(refname)%00%(objectname)%00%(*objectname) [9ms]
2026-01-21 22:05:47.931 [info] > git status -z -uall [65ms]
2026-01-21 22:05:52.950 [info] > git config --get commit.template [2ms]
2026-01-21 22:05:52.959 [info] > git for-each-ref --format=%(refname)%00%(upstream:short)%00%(objectname)%00%(upstream:track)%00%(upstream:remotename)%00%(upstream:remoteref) refs/heads/main refs/remotes/main [4ms]
2026-01-21 22:05:52.976 [info] > git for-each-ref --sort -committerdate --format %(refname)%00%(objectname)%00%(*objectname) [3ms]
2026-01-21 22:05:53.035 [info] > git status -z -uall [70ms]
2026-01-21 22:05:58.064 [info] > git config --get commit.template [7ms]
2026-01-21 22:05:58.066 [info] > git for-each-ref --format=%(refname)%00%(upstream:short)%00%(objectname)%00%(upstream:track)%00%(upstream:remotename)%00%(upstream:remoteref) refs/heads/main refs/remotes/main [3ms]
2026-01-21 22:05:58.093 [info] > git for-each-ref --sort -committerdate --format %(refname)%00%(objectname)%00%(*objectname) [7ms]
2026-01-21 22:05:58.137 [info] > git status -z -uall [64ms]
2026-01-21 22:06:03.162 [info] > git config --get commit.template [6ms]
2026-01-21 22:06:03.174 [info] > git for-each-ref --format=%(refname)%00%(upstream:short)%00%(objectname)%00%(upstream:track)%00%(upstream:remotename)%00%(upstream:remoteref) refs/heads/main refs/remotes/main [2ms]
2026-01-21 22:06:03.233 [info] > git for-each-ref --sort -committerdate --format %(refname)%00%(objectname)%00%(*objectname) [9ms]
2026-01-21 22:06:03.275 [info] > git status -z -uall [89ms]
2026-01-21 22:06:08.310 [info] > git config --get commit.template [7ms]
2026-01-21 22:06:08.312 [info] > git for-each-ref --format=%(refname)%00%(upstream:short)%00%(objectname)%00%(upstream:track)%00%(upstream:remotename)%00%(upstream:remoteref) refs/heads/main refs/remotes/main [3ms]
2026-01-21 22:06:08.336 [info] > git for-each-ref --sort -committerdate --format %(refname)%00%(objectname)%00%(*objectname) [7ms]
2026-01-21 22:06:08.383 [info] > git status -z -uall [64ms]
2026-01-21 22:06:13.410 [info] > git config --get commit.template [7ms]
2026-01-21 22:06:13.412 [info] > git for-each-ref --format=%(refname)%00%(upstream:short)%00%(objectname)%00%(upstream:track)%00%(upstream:remotename)%00%(upstream:remoteref) refs/heads/main refs/remotes/main [3ms]
2026-01-21 22:06:13.442 [info] > git for-each-ref --sort -committerdate --format %(refname)%00%(objectname)%00%(*objectname) [13ms]
2026-01-21 22:06:13.483 [info] > git status -z -uall [65ms]
2026-01-21 22:06:18.508 [info] > git config --get commit.template [8ms]
2026-01-21 22:06:18.510 [info] > git for-each-ref --format=%(refname)%00%(upstream:short)%00%(objectname)%00%(upstream:track)%00%(upstream:remotename)%00%(upstream:remoteref) refs/heads/main refs/remotes/main [3ms]
2026-01-21 22:06:18.535 [info] > git for-each-ref --sort -committerdate --format %(refname)%00%(objectname)%00%(*objectname) [7ms]
2026-01-21 22:06:18.591 [info] > git status -z -uall [72ms]
2026-01-21 22:06:23.617 [info] > git config --get commit.template [8ms]
2026-01-21 22:06:23.619 [info] > git for-each-ref --format=%(refname)%00%(upstream:short)%00%(objectname)%00%(upstream:track)%00%(upstream:remotename)%00%(upstream:remoteref) refs/heads/main refs/remotes/main [3ms]
2026-01-21 22:06:23.648 [info] > git for-each-ref --sort -committerdate --format %(refname)%00%(objectname)%00%(*objectname) [9ms]
2026-01-21 22:06:23.690 [info] > git status -z -uall [65ms]
2026-01-21 22:06:28.717 [info] > git config --get commit.template [7ms]
2026-01-21 22:06:28.719 [info] > git for-each-ref --format=%(refname)%00%(upstream:short)%00%(objectname)%00%(upstream:track)%00%(upstream:remotename)%00%(upstream:remoteref) refs/heads/main refs/remotes/main [3ms]
2026-01-21 22:06:28.750 [info] > git for-each-ref --sort -committerdate --format %(refname)%00%(objectname)%00%(*objectname) [8ms]
2026-01-21 22:06:28.784 [info] > git status -z -uall [60ms]
2026-01-21 22:06:33.812 [info] > git config --get commit.template [9ms]
2026-01-21 22:06:33.814 [info] > git for-each-ref --format=%(refname)%00%(upstream:short)%00%(objectname)%00%(upstream:track)%00%(upstream:remotename)%00%(upstream:remoteref) refs/heads/main refs/remotes/main [3ms]
2026-01-21 22:06:33.845 [info] > git for-each-ref --sort -committerdate --format %(refname)%00%(objectname)%00%(*objectname) [6ms]
2026-01-21 22:06:33.879 [info] > git status -z -uall [59ms]
2026-01-21 22:06:38.905 [info] > git config --get commit.template [8ms]
2026-01-21 22:06:38.907 [info] > git for-each-ref --format=%(refname)%00%(upstream:short)%00%(objectname)%00%(upstream:track)%00%(upstream:remotename)%00%(upstream:remoteref) refs/heads/main refs/remotes/main [3ms]
2026-01-21 22:06:38.946 [info] > git for-each-ref --sort -committerdate --format %(refname)%00%(objectname)%00%(*objectname) [10ms]
2026-01-21 22:06:38.979 [info] > git status -z -uall [66ms]
2026-01-21 22:06:44.006 [info] > git config --get commit.template [7ms]
2026-01-21 22:06:44.007 [info] > git for-each-ref --format=%(refname)%00%(upstream:short)%00%(objectname)%00%(upstream:track)%00%(upstream:remotename)%00%(upstream:remoteref) refs/heads/main refs/remotes/main [2ms]
2026-01-21 22:06:44.035 [info] > git for-each-ref --sort -committerdate --format %(refname)%00%(objectname)%00%(*objectname) [4ms]
2026-01-21 22:06:44.081 [info] > git status -z -uall [65ms]
2026-01-21 22:06:49.106 [info] > git config --get commit.template [7ms]
2026-01-21 22:06:49.108 [info] > git for-each-ref --format=%(refname)%00%(upstream:short)%00%(objectname)%00%(upstream:track)%00%(upstream:remotename)%00%(upstream:remoteref) refs/heads/main refs/remotes/main [3ms]
2026-01-21 22:06:49.130 [info] > git for-each-ref --sort -committerdate --format %(refname)%00%(objectname)%00%(*objectname) [8ms]
2026-01-21 22:06:49.172 [info] > git status -z -uall [58ms]
2026-01-21 22:06:51.574 [info] > git blame --root --incremental 4bfa8b1dcdb8c491ab7d2a0dc16e3707a1ba5cc6 -- README.md [4ms]
2026-01-21 22:06:54.197 [info] > git config --get commit.template [2ms]
2026-01-21 22:06:54.227 [info] > git for-each-ref --format=%(refname)%00%(upstream:short)%00%(objectname)%00%(upstream:track)%00%(upstream:remotename)%00%(upstream:remoteref) refs/heads/main refs/remotes/main [9ms]
2026-01-21 22:06:54.258 [info] > git for-each-ref --sort -committerdate --format %(refname)%00%(objectname)%00%(*objectname) [6ms]
2026-01-21 22:06:54.340 [info] > git status -z -uall [101ms]
2026-01-21 22:06:59.361 [info] > git config --get commit.template [3ms]
2026-01-21 22:06:59.382 [info] > git for-each-ref --format=%(refname)%00%(upstream:short)%00%(objectname)%00%(upstream:track)%00%(upstream:remotename)%00%(upstream:remoteref) refs/heads/main refs/remotes/main [14ms]
2026-01-21 22:06:59.419 [info] > git for-each-ref --sort -committerdate --format %(refname)%00%(objectname)%00%(*objectname) [4ms]
2026-01-21 22:06:59.467 [info] > git status -z -uall [69ms]
2026-01-21 22:07:04.496 [info] > git config --get commit.template [7ms]
2026-01-21 22:07:04.498 [info] > git for-each-ref --format=%(refname)%00%(upstream:short)%00%(objectname)%00%(upstream:track)%00%(upstream:remotename)%00%(upstream:remoteref) refs/heads/main refs/remotes/main [2ms]
2026-01-21 22:07:04.518 [info] > git for-each-ref --sort -committerdate --format %(refname)%00%(objectname)%00%(*objectname) [4ms]
2026-01-21 22:07:04.567 [info] > git status -z -uall [62ms]
2026-01-21 22:07:09.590 [info] > git config --get commit.template [7ms]
2026-01-21 22:07:09.592 [info] > git for-each-ref --format=%(refname)%00%(upstream:short)%00%(objectname)%00%(upstream:track)%00%(upstream:remotename)%00%(upstream:remoteref) refs/heads/main refs/remotes/main [3ms]
2026-01-21 22:07:09.611 [info] > git for-each-ref --sort -committerdate --format %(refname)%00%(objectname)%00%(*objectname) [4ms]
2026-01-21 22:07:09.659 [info] > git status -z -uall [60ms]
2026-01-21 22:07:14.691 [info] > git config --get commit.template [10ms]
2026-01-21 22:07:14.692 [info] > git for-each-ref --format=%(refname)%00%(upstream:short)%00%(objectname)%00%(upstream:track)%00%(upstream:remotename)%00%(upstream:remoteref) refs/heads/main refs/remotes/main [4ms]
2026-01-21 22:07:14.733 [info] > git for-each-ref --sort -committerdate --format %(refname)%00%(objectname)%00%(*objectname) [1ms]
2026-01-21 22:07:14.769 [info] > git status -z -uall [68ms]
2026-01-21 22:07:19.801 [info] > git config --get commit.template [9ms]
2026-01-21 22:07:19.803 [info] > git for-each-ref --format=%(refname)%00%(upstream:short)%00%(objectname)%00%(upstream:track)%00%(upstream:remotename)%00%(upstream:remoteref) refs/heads/main refs/remotes/main [3ms]
2026-01-21 22:07:19.837 [info] > git for-each-ref --sort -committerdate --format %(refname)%00%(objectname)%00%(*objectname) [15ms]
2026-01-21 22:07:19.901 [info] > git status -z -uall [91ms]
2026-01-21 22:07:24.930 [info] > git config --get commit.template [7ms]
2026-01-21 22:07:24.932 [info] > git for-each-ref --format=%(refname)%00%(upstream:short)%00%(objectname)%00%(upstream:track)%00%(upstream:remotename)%00%(upstream:remoteref) refs/heads/main refs/remotes/main [3ms]
2026-01-21 22:07:24.963 [info] > git for-each-ref --sort -committerdate --format %(refname)%00%(objectname)%00%(*objectname) [14ms]
2026-01-21 22:07:24.994 [info] > git status -z -uall [56ms]
2026-01-21 22:07:30.026 [info] > git config --get commit.template [12ms]
2026-01-21 22:07:30.030 [info] > git for-each-ref --format=%(refname)%00%(upstream:short)%00%(objectname)%00%(upstream:track)%00%(upstream:remotename)%00%(upstream:remoteref) refs/heads/main refs/remotes/main [5ms]
2026-01-21 22:07:30.056 [info] > git for-each-ref --sort -committerdate --format %(refname)%00%(objectname)%00%(*objectname) [5ms]
2026-01-21 22:07:30.095 [info] > git status -z -uall [59ms]
2026-01-21 22:07:35.122 [info] > git config --get commit.template [7ms]
2026-01-21 22:07:35.123 [info] > git for-each-ref --format=%(refname)%00%(upstream:short)%00%(objectname)%00%(upstream:track)%00%(upstream:remotename)%00%(upstream:remoteref) refs/heads/main refs/remotes/main [2ms]
2026-01-21 22:07:35.153 [info] > git for-each-ref --sort -committerdate --format %(refname)%00%(objectname)%00%(*objectname) [11ms]
2026-01-21 22:07:35.185 [info] > git status -z -uall [56ms]
2026-01-21 22:07:40.209 [info] > git config --get commit.template [7ms]
2026-01-21 22:07:40.211 [info] > git for-each-ref --format=%(refname)%00%(upstream:short)%00%(objectname)%00%(upstream:track)%00%(upstream:remotename)%00%(upstream:remoteref) refs/heads/main refs/remotes/main [3ms]
2026-01-21 22:07:40.237 [info] > git for-each-ref --sort -committerdate --format %(refname)%00%(objectname)%00%(*objectname) [7ms]
2026-01-21 22:07:40.329 [info] > git status -z -uall [112ms]
2026-01-21 22:07:45.358 [info] > git config --get commit.template [7ms]
2026-01-21 22:07:45.359 [info] > git for-each-ref --format=%(refname)%00%(upstream:short)%00%(objectname)%00%(upstream:track)%00%(upstream:remotename)%00%(upstream:remoteref) refs/heads/main refs/remotes/main [3ms]
2026-01-21 22:07:45.387 [info] > git for-each-ref --sort -committerdate --format %(refname)%00%(objectname)%00%(*objectname) [15ms]
2026-01-21 22:07:45.424 [info] > git status -z -uall [59ms]
2026-01-21 22:07:50.450 [info] > git config --get commit.template [6ms]
2026-01-21 22:07:50.451 [info] > git for-each-ref --format=%(refname)%00%(upstream:short)%00%(objectname)%00%(upstream:track)%00%(upstream:remotename)%00%(upstream:remoteref) refs/heads/main refs/remotes/main [2ms]
2026-01-21 22:07:50.476 [info] > git for-each-ref --sort -committerdate --format %(refname)%00%(objectname)%00%(*objectname) [11ms]
2026-01-21 22:07:50.513 [info] > git status -z -uall [56ms]
2026-01-21 22:07:55.536 [info] > git config --get commit.template [7ms]
2026-01-21 22:07:55.538 [info] > git for-each-ref --format=%(refname)%00%(upstream:short)%00%(objectname)%00%(upstream:track)%00%(upstream:remotename)%00%(upstream:remoteref) refs/heads/main refs/remotes/main [3ms]
2026-01-21 22:07:55.562 [info] > git for-each-ref --sort -committerdate --format %(refname)%00%(objectname)%00%(*objectname) [1ms]
2026-01-21 22:07:55.600 [info] > git status -z -uall [56ms]
2026-01-21 22:08:00.627 [info] > git config --get commit.template [10ms]
2026-01-21 22:08:00.628 [info] > git for-each-ref --format=%(refname)%00%(upstream:short)%00%(objectname)%00%(upstream:track)%00%(upstream:remotename)%00%(upstream:remoteref) refs/heads/main refs/remotes/main [3ms]
2026-01-21 22:08:00.662 [info] > git for-each-ref --sort -committerdate --format %(refname)%00%(objectname)%00%(*objectname) [8ms]
2026-01-21 22:08:00.710 [info] > git status -z -uall [74ms]
2026-01-21 22:08:05.734 [info] > git config --get commit.template [7ms]
2026-01-21 22:08:05.736 [info] > git for-each-ref --format=%(refname)%00%(upstream:short)%00%(objectname)%00%(upstream:track)%00%(upstream:remotename)%00%(upstream:remoteref) refs/heads/main refs/remotes/main [3ms]
2026-01-21 22:08:05.766 [info] > git for-each-ref --sort -committerdate --format %(refname)%00%(objectname)%00%(*objectname) [16ms]
2026-01-21 22:08:05.805 [info] > git status -z -uall [63ms]
2026-01-21 22:08:10.830 [info] > git config --get commit.template [7ms]
2026-01-21 22:08:10.832 [info] > git for-each-ref --format=%(refname)%00%(upstream:short)%00%(objectname)%00%(upstream:track)%00%(upstream:remotename)%00%(upstream:remoteref) refs/heads/main refs/remotes/main [3ms]
2026-01-21 22:08:10.857 [info] > git for-each-ref --sort -committerdate --format %(refname)%00%(objectname)%00%(*objectname) [12ms]
2026-01-21 22:08:10.895 [info] > git status -z -uall [57ms]
2026-01-21 22:08:15.917 [info] > git config --get commit.template [6ms]
2026-01-21 22:08:15.919 [info] > git for-each-ref --format=%(refname)%00%(upstream:short)%00%(objectname)%00%(upstream:track)%00%(upstream:remotename)%00%(upstream:remoteref) refs/heads/main refs/remotes/main [2ms]
2026-01-21 22:08:15.948 [info] > git for-each-ref --sort -committerdate --format %(refname)%00%(objectname)%00%(*objectname) [15ms]
2026-01-21 22:08:15.981 [info] > git status -z -uall [56ms]
2026-01-21 22:08:21.006 [info] > git config --get commit.template [7ms]
2026-01-21 22:08:21.008 [info] > git for-each-ref --format=%(refname)%00%(upstream:short)%00%(objectname)%00%(upstream:track)%00%(upstream:remotename)%00%(upstream:remoteref) refs/heads/main refs/remotes/main [3ms]
2026-01-21 22:08:21.027 [info] > git for-each-ref --sort -committerdate --format %(refname)%00%(objectname)%00%(*objectname) [6ms]
2026-01-21 22:08:21.074 [info] > git status -z -uall [60ms]
2026-01-21 22:08:26.099 [info] > git config --get commit.template [8ms]
2026-01-21 22:08:26.100 [info] > git for-each-ref --format=%(refname)%00%(upstream:short)%00%(objectname)%00%(upstream:track)%00%(upstream:remotename)%00%(upstream:remoteref) refs/heads/main refs/remotes/main [2ms]
2026-01-21 22:08:26.128 [info] > git for-each-ref --sort -committerdate --format %(refname)%00%(objectname)%00%(*objectname) [2ms]
2026-01-21 22:08:26.161 [info] > git status -z -uall [54ms]
2026-01-21 22:08:31.185 [info] > git config --get commit.template [8ms]
2026-01-21 22:08:31.187 [info] > git for-each-ref --format=%(refname)%00%(upstream:short)%00%(objectname)%00%(upstream:track)%00%(upstream:remotename)%00%(upstream:remoteref) refs/heads/main refs/remotes/main [3ms]
2026-01-21 22:08:31.209 [info] > git for-each-ref --sort -committerdate --format %(refname)%00%(objectname)%00%(*objectname) [7ms]
2026-01-21 22:08:31.253 [info] > git status -z -uall [58ms]
2026-01-21 22:08:36.276 [info] > git config --get commit.template [7ms]
2026-01-21 22:08:36.278 [info] > git for-each-ref --format=%(refname)%00%(upstream:short)%00%(objectname)%00%(upstream:track)%00%(upstream:remotename)%00%(upstream:remoteref) refs/heads/main refs/remotes/main [3ms]
2026-01-21 22:08:36.300 [info] > git for-each-ref --sort -committerdate --format %(refname)%00%(objectname)%00%(*objectname) [4ms]
2026-01-21 22:08:36.340 [info] > git status -z -uall [56ms]
2026-01-21 22:08:41.365 [info] > git config --get commit.template [8ms]
2026-01-21 22:08:41.366 [info] > git for-each-ref --format=%(refname)%00%(upstream:short)%00%(objectname)%00%(upstream:track)%00%(upstream:remotename)%00%(upstream:remoteref) refs/heads/main refs/remotes/main [2ms]
2026-01-21 22:08:41.384 [info] > git for-each-ref --sort -committerdate --format %(refname)%00%(objectname)%00%(*objectname) [1ms]
2026-01-21 22:08:41.431 [info] > git status -z -uall [59ms]
2026-01-21 22:08:46.455 [info] > git config --get commit.template [7ms]
2026-01-21 22:08:46.456 [info] > git for-each-ref --format=%(refname)%00%(upstream:short)%00%(objectname)%00%(upstream:track)%00%(upstream:remotename)%00%(upstream:remoteref) refs/heads/main refs/remotes/main [2ms]
2026-01-21 22:08:46.476 [info] > git for-each-ref --sort -committerdate --format %(refname)%00%(objectname)%00%(*objectname) [4ms]
2026-01-21 22:08:46.519 [info] > git status -z -uall [57ms]
2026-01-21 22:08:51.546 [info] > git config --get commit.template [7ms]
2026-01-21 22:08:51.548 [info] > git for-each-ref --format=%(refname)%00%(upstream:short)%00%(objectname)%00%(upstream:track)%00%(upstream:remotename)%00%(upstream:remoteref) refs/heads/main refs/remotes/main [3ms]
2026-01-21 22:08:51.579 [info] > git for-each-ref --sort -committerdate --format %(refname)%00%(objectname)%00%(*objectname) [8ms]
2026-01-21 22:08:51.611 [info] > git status -z -uall [57ms]
2026-01-21 22:08:56.636 [info] > git config --get commit.template [7ms]
2026-01-21 22:08:56.638 [info] > git for-each-ref --format=%(refname)%00%(upstream:short)%00%(objectname)%00%(upstream:track)%00%(upstream:remotename)%00%(upstream:remoteref) refs/heads/main refs/remotes/main [3ms]
2026-01-21 22:08:56.668 [info] > git for-each-ref --sort -committerdate --format %(refname)%00%(objectname)%00%(*objectname) [6ms]
2026-01-21 22:08:56.720 [info] > git status -z -uall [76ms]
2026-01-21 22:09:01.746 [info] > git config --get commit.template [7ms]
2026-01-21 22:09:01.748 [info] > git for-each-ref --format=%(refname)%00%(upstream:short)%00%(objectname)%00%(upstream:track)%00%(upstream:remotename)%00%(upstream:remoteref) refs/heads/main refs/remotes/main [3ms]
2026-01-21 22:09:01.779 [info] > git for-each-ref --sort -committerdate --format %(refname)%00%(objectname)%00%(*objectname) [9ms]
2026-01-21 22:09:01.816 [info] > git status -z -uall [61ms]
2026-01-21 22:09:06.852 [info] > git config --get commit.template [9ms]
2026-01-21 22:09:06.877 [info] > git for-each-ref --format=%(refname)%00%(upstream:short)%00%(objectname)%00%(upstream:track)%00%(upstream:remotename)%00%(upstream:remoteref) refs/heads/main refs/remotes/main [8ms]
2026-01-21 22:09:06.962 [info] > git for-each-ref --sort -committerdate --format %(refname)%00%(objectname)%00%(*objectname) [48ms]
2026-01-21 22:09:07.031 [info] > git status -z -uall [144ms]
2026-01-21 22:09:12.064 [info] > git for-each-ref --format=%(refname)%00%(upstream:short)%00%(objectname)%00%(upstream:track)%00%(upstream:remotename)%00%(upstream:remoteref) refs/heads/main refs/remotes/main [2ms]
2026-01-21 22:09:12.064 [info] > git config --get commit.template [15ms]
2026-01-21 22:09:12.093 [info] > git for-each-ref --sort -committerdate --format %(refname)%00%(objectname)%00%(*objectname) [4ms]
2026-01-21 22:09:12.133 [info] > git status -z -uall [60ms]
2026-01-21 22:09:17.156 [info] > git config --get commit.template [7ms]
2026-01-21 22:09:17.158 [info] > git for-each-ref --format=%(refname)%00%(upstream:short)%00%(objectname)%00%(upstream:track)%00%(upstream:remotename)%00%(upstream:remoteref) refs/heads/main refs/remotes/main [3ms]
2026-01-21 22:09:17.195 [info] > git for-each-ref --sort -committerdate --format %(refname)%00%(objectname)%00%(*objectname) [5ms]
2026-01-21 22:09:17.221 [info] > git status -z -uall [57ms]
2026-01-21 22:09:22.244 [info] > git config --get commit.template [7ms]
2026-01-21 22:09:22.245 [info] > git for-each-ref --format=%(refname)%00%(upstream:short)%00%(objectname)%00%(upstream:track)%00%(upstream:remotename)%00%(upstream:remoteref) refs/heads/main refs/remotes/main [2ms]
2026-01-21 22:09:22.270 [info] > git for-each-ref --sort -committerdate --format %(refname)%00%(objectname)%00%(*objectname) [11ms]
2026-01-21 22:09:22.307 [info] > git status -z -uall [56ms]
2026-01-21 22:09:27.334 [info] > git config --get commit.template [11ms]
2026-01-21 22:09:27.337 [info] > git for-each-ref --format=%(refname)%00%(upstream:short)%00%(objectname)%00%(upstream:track)%00%(upstream:remotename)%00%(upstream:remoteref) refs/heads/main refs/remotes/main [4ms]
2026-01-21 22:09:27.380 [info] > git for-each-ref --sort -committerdate --format %(refname)%00%(objectname)%00%(*objectname) [18ms]
2026-01-21 22:09:27.408 [info] > git status -z -uall [62ms]
2026-01-21 22:09:32.431 [info] > git config --get commit.template [7ms]
2026-01-21 22:09:32.432 [info] > git for-each-ref --format=%(refname)%00%(upstream:short)%00%(objectname)%00%(upstream:track)%00%(upstream:remotename)%00%(upstream:remoteref) refs/heads/main refs/remotes/main [2ms]
2026-01-21 22:09:32.452 [info] > git for-each-ref --sort -committerdate --format %(refname)%00%(objectname)%00%(*objectname) [3ms]
2026-01-21 22:09:32.494 [info] > git status -z -uall [56ms]
2026-01-21 22:09:37.522 [info] > git config --get commit.template [8ms]
2026-01-21 22:09:37.524 [info] > git for-each-ref --format=%(refname)%00%(upstream:short)%00%(objectname)%00%(upstream:track)%00%(upstream:remotename)%00%(upstream:remoteref) refs/heads/main refs/remotes/main [3ms]
2026-01-21 22:09:37.564 [info] > git for-each-ref --sort -committerdate --format %(refname)%00%(objectname)%00%(*objectname) [15ms]
2026-01-21 22:09:37.604 [info] > git status -z -uall [74ms]
2026-01-21 22:09:42.627 [info] > git config --get commit.template [7ms]
2026-01-21 22:09:42.628 [info] > git for-each-ref --format=%(refname)%00%(upstream:short)%00%(objectname)%00%(upstream:track)%00%(upstream:remotename)%00%(upstream:remoteref) refs/heads/main refs/remotes/main [2ms]
2026-01-21 22:09:42.649 [info] > git for-each-ref --sort -committerdate --format %(refname)%00%(objectname)%00%(*objectname) [4ms]
2026-01-21 22:09:42.711 [info] > git status -z -uall [77ms]
2026-01-21 22:09:47.734 [info] > git config --get commit.template [7ms]
2026-01-21 22:09:47.736 [info] > git for-each-ref --format=%(refname)%00%(upstream:short)%00%(objectname)%00%(upstream:track)%00%(upstream:remotename)%00%(upstream:remoteref) refs/heads/main refs/remotes/main [3ms]
2026-01-21 22:09:47.759 [info] > git for-each-ref --sort -committerdate --format %(refname)%00%(objectname)%00%(*objectname) [6ms]
2026-01-21 22:09:47.806 [info] > git status -z -uall [61ms]
2026-01-21 22:09:52.829 [info] > git config --get commit.template [7ms]
2026-01-21 22:09:52.831 [info] > git for-each-ref --format=%(refname)%00%(upstream:short)%00%(objectname)%00%(upstream:track)%00%(upstream:remotename)%00%(upstream:remoteref) refs/heads/main refs/remotes/main [2ms]
2026-01-21 22:09:52.857 [info] > git for-each-ref --sort -committerdate --format %(refname)%00%(objectname)%00%(*objectname) [2ms]
2026-01-21 22:09:52.897 [info] > git status -z -uall [59ms]
2026-01-21 22:09:57.920 [info] > git config --get commit.template [7ms]
2026-01-21 22:09:57.922 [info] > git for-each-ref --format=%(refname)%00%(upstream:short)%00%(objectname)%00%(upstream:track)%00%(upstream:remotename)%00%(upstream:remoteref) refs/heads/main refs/remotes/main [2ms]
2026-01-21 22:09:57.945 [info] > git for-each-ref --sort -committerdate --format %(refname)%00%(objectname)%00%(*objectname) [6ms]
2026-01-21 22:09:57.985 [info] > git status -z -uall [57ms]
2026-01-21 22:10:03.006 [info] > git config --get commit.template [7ms]
2026-01-21 22:10:03.008 [info] > git for-each-ref --format=%(refname)%00%(upstream:short)%00%(objectname)%00%(upstream:track)%00%(upstream:remotename)%00%(upstream:remoteref) refs/heads/main refs/remotes/main [3ms]
2026-01-21 22:10:03.025 [info] > git for-each-ref --sort -committerdate --format %(refname)%00%(objectname)%00%(*objectname) [3ms]
2026-01-21 22:10:03.073 [info] > git status -z -uall [59ms]
2026-01-21 22:10:08.099 [info] > git config --get commit.template [8ms]
2026-01-21 22:10:08.101 [info] > git for-each-ref --format=%(refname)%00%(upstream:short)%00%(objectname)%00%(upstream:track)%00%(upstream:remotename)%00%(upstream:remoteref) refs/heads/main refs/remotes/main [3ms]
2026-01-21 22:10:08.131 [info] > git for-each-ref --sort -committerdate --format %(refname)%00%(objectname)%00%(*objectname) [9ms]
2026-01-21 22:10:08.176 [info] > git status -z -uall [69ms]
2026-01-21 22:10:13.195 [info] > git config --get commit.template [2ms]
2026-01-21 22:10:13.204 [info] > git for-each-ref --format=%(refname)%00%(upstream:short)%00%(objectname)%00%(upstream:track)%00%(upstream:remotename)%00%(upstream:remoteref) refs/heads/main refs/remotes/main [3ms]
2026-01-21 22:10:13.236 [info] > git for-each-ref --sort -committerdate --format %(refname)%00%(objectname)%00%(*objectname) [17ms]
2026-01-21 22:10:13.278 [info] > git status -z -uall [66ms]
2026-01-21 22:10:18.302 [info] > git config --get commit.template [8ms]
2026-01-21 22:10:18.304 [info] > git for-each-ref --format=%(refname)%00%(upstream:short)%00%(objectname)%00%(upstream:track)%00%(upstream:remotename)%00%(upstream:remoteref) refs/heads/main refs/remotes/main [3ms]
2026-01-21 22:10:18.336 [info] > git for-each-ref --sort -committerdate --format %(refname)%00%(objectname)%00%(*objectname) [5ms]
2026-01-21 22:10:18.365 [info] > git status -z -uall [55ms]
2026-01-21 22:10:23.387 [info] > git config --get commit.template [7ms]
2026-01-21 22:10:23.389 [info] > git for-each-ref --format=%(refname)%00%(upstream:short)%00%(objectname)%00%(upstream:track)%00%(upstream:remotename)%00%(upstream:remoteref) refs/heads/main refs/remotes/main [3ms]
2026-01-21 22:10:23.410 [info] > git for-each-ref --sort -committerdate --format %(refname)%00%(objectname)%00%(*objectname) [1ms]
2026-01-21 22:10:23.454 [info] > git status -z -uall [59ms]
2026-01-21 22:10:28.477 [info] > git config --get commit.template [8ms]
2026-01-21 22:10:28.478 [info] > git for-each-ref --format=%(refname)%00%(upstream:short)%00%(objectname)%00%(upstream:track)%00%(upstream:remotename)%00%(upstream:remoteref) refs/heads/main refs/remotes/main [2ms]
2026-01-21 22:10:28.497 [info] > git for-each-ref --sort -committerdate --format %(refname)%00%(objectname)%00%(*objectname) [5ms]
2026-01-21 22:10:28.542 [info] > git status -z -uall [58ms]
2026-01-21 22:10:33.565 [info] > git config --get commit.template [8ms]
2026-01-21 22:10:33.567 [info] > git for-each-ref --format=%(refname)%00%(upstream:short)%00%(objectname)%00%(upstream:track)%00%(upstream:remotename)%00%(upstream:remoteref) refs/heads/main refs/remotes/main [3ms]
2026-01-21 22:10:33.590 [info] > git for-each-ref --sort -committerdate --format %(refname)%00%(objectname)%00%(*objectname) [5ms]
2026-01-21 22:10:33.635 [info] > git status -z -uall [62ms]
2026-01-21 22:10:38.658 [info] > git config --get commit.template [7ms]
2026-01-21 22:10:38.660 [info] > git for-each-ref --format=%(refname)%00%(upstream:short)%00%(objectname)%00%(upstream:track)%00%(upstream:remotename)%00%(upstream:remoteref) refs/heads/main refs/remotes/main [3ms]
2026-01-21 22:10:38.685 [info] > git for-each-ref --sort -committerdate --format %(refname)%00%(objectname)%00%(*objectname) [3ms]
2026-01-21 22:10:38.724 [info] > git status -z -uall [59ms]
2026-01-21 22:10:43.748 [info] > git config --get commit.template [7ms]
2026-01-21 22:10:43.750 [info] > git for-each-ref --format=%(refname)%00%(upstream:short)%00%(objectname)%00%(upstream:track)%00%(upstream:remotename)%00%(upstream:remoteref) refs/heads/main refs/remotes/main [3ms]
2026-01-21 22:10:43.789 [info] > git for-each-ref --sort -committerdate --format %(refname)%00%(objectname)%00%(*objectname) [3ms]
2026-01-21 22:10:43.816 [info] > git status -z -uall [60ms]
2026-01-21 22:10:48.839 [info] > git config --get commit.template [8ms]
2026-01-21 22:10:48.841 [info] > git for-each-ref --format=%(refname)%00%(upstream:short)%00%(objectname)%00%(upstream:track)%00%(upstream:remotename)%00%(upstream:remoteref) refs/heads/main refs/remotes/main [3ms]
2026-01-21 22:10:48.870 [info] > git for-each-ref --sort -committerdate --format %(refname)%00%(objectname)%00%(*objectname) [4ms]
2026-01-21 22:10:48.906 [info] > git status -z -uall [59ms]
2026-01-21 22:10:53.929 [info] > git config --get commit.template [7ms]
2026-01-21 22:10:53.931 [info] > git for-each-ref --format=%(refname)%00%(upstream:short)%00%(objectname)%00%(upstream:track)%00%(upstream:remotename)%00%(upstream:remoteref) refs/heads/main refs/remotes/main [3ms]
2026-01-21 22:10:53.966 [info] > git for-each-ref --sort -committerdate --format %(refname)%00%(objectname)%00%(*objectname) [14ms]
2026-01-21 22:10:54.011 [info] > git status -z -uall [74ms]
2026-01-21 22:10:59.035 [info] > git config --get commit.template [7ms]
2026-01-21 22:10:59.037 [info] > git for-each-ref --format=%(refname)%00%(upstream:short)%00%(objectname)%00%(upstream:track)%00%(upstream:remotename)%00%(upstream:remoteref) refs/heads/main refs/remotes/main [3ms]
2026-01-21 22:10:59.066 [info] > git for-each-ref --sort -committerdate --format %(refname)%00%(objectname)%00%(*objectname) [3ms]
2026-01-21 22:10:59.106 [info] > git status -z -uall [62ms]
2026-01-21 22:11:04.143 [info] > git config --get commit.template [13ms]
2026-01-21 22:11:04.149 [info] > git for-each-ref --format=%(refname)%00%(upstream:short)%00%(objectname)%00%(upstream:track)%00%(upstream:remotename)%00%(upstream:remoteref) refs/heads/main refs/remotes/main [7ms]
2026-01-21 22:11:04.224 [info] > git for-each-ref --sort -committerdate --format %(refname)%00%(objectname)%00%(*objectname) [45ms]
2026-01-21 22:11:04.278 [info] > git status -z -uall [115ms]
2026-01-21 22:11:09.312 [info] > git config --get commit.template [9ms]
2026-01-21 22:11:09.314 [info] > git for-each-ref --format=%(refname)%00%(upstream:short)%00%(objectname)%00%(upstream:track)%00%(upstream:remotename)%00%(upstream:remoteref) refs/heads/main refs/remotes/main [3ms]
2026-01-21 22:11:09.337 [info] > git for-each-ref --sort -committerdate --format %(refname)%00%(objectname)%00%(*objectname) [8ms]
2026-01-21 22:11:09.377 [info] > git status -z -uall [57ms]
2026-01-21 22:11:14.401 [info] > git config --get commit.template [7ms]
2026-01-21 22:11:14.403 [info] > git for-each-ref --format=%(refname)%00%(upstream:short)%00%(objectname)%00%(upstream:track)%00%(upstream:remotename)%00%(upstream:remoteref) refs/heads/main refs/remotes/main [2ms]
2026-01-21 22:11:14.424 [info] > git for-each-ref --sort -committerdate --format %(refname)%00%(objectname)%00%(*objectname) [0ms]
2026-01-21 22:11:14.465 [info] > git status -z -uall [57ms]
2026-01-21 22:11:19.488 [info] > git config --get commit.template [7ms]
2026-01-21 22:11:19.490 [info] > git for-each-ref --format=%(refname)%00%(upstream:short)%00%(objectname)%00%(upstream:track)%00%(upstream:remotename)%00%(upstream:remoteref) refs/heads/main refs/remotes/main [3ms]
2026-01-21 22:11:19.517 [info] > git for-each-ref --sort -committerdate --format %(refname)%00%(objectname)%00%(*objectname) [1ms]
2026-01-21 22:11:19.557 [info] > git status -z -uall [61ms]
2026-01-21 22:11:24.584 [info] > git config --get commit.template [9ms]
2026-01-21 22:11:24.586 [info] > git for-each-ref --format=%(refname)%00%(upstream:short)%00%(objectname)%00%(upstream:track)%00%(upstream:remotename)%00%(upstream:remoteref) refs/heads/main refs/remotes/main [3ms]
2026-01-21 22:11:24.618 [info] > git for-each-ref --sort -committerdate --format %(refname)%00%(objectname)%00%(*objectname) [4ms]
2026-01-21 22:11:24.648 [info] > git status -z -uall [56ms]
2026-01-21 22:11:29.673 [info] > git for-each-ref --format=%(refname)%00%(upstream:short)%00%(objectname)%00%(upstream:track)%00%(upstream:remotename)%00%(upstream:remoteref) refs/heads/main refs/remotes/main [6ms]
2026-01-21 22:11:29.675 [info] > git config --get commit.template [3ms]
2026-01-21 22:11:29.696 [info] > git for-each-ref --sort -committerdate --format %(refname)%00%(objectname)%00%(*objectname) [4ms]
2026-01-21 22:11:29.736 [info] > git status -z -uall [56ms]
2026-01-21 22:11:34.758 [info] > git config --get commit.template [7ms]
2026-01-21 22:11:34.761 [info] > git for-each-ref --format=%(refname)%00%(upstream:short)%00%(objectname)%00%(upstream:track)%00%(upstream:remotename)%00%(upstream:remoteref) refs/heads/main refs/remotes/main [3ms]
2026-01-21 22:11:34.783 [info] > git for-each-ref --sort -committerdate --format %(refname)%00%(objectname)%00%(*objectname) [1ms]
2026-01-21 22:11:34.827 [info] > git status -z -uall [59ms]
2026-01-21 22:11:39.851 [info] > git config --get commit.template [7ms]
2026-01-21 22:11:39.853 [info] > git for-each-ref --format=%(refname)%00%(upstream:short)%00%(objectname)%00%(upstream:track)%00%(upstream:remotename)%00%(upstream:remoteref) refs/heads/main refs/remotes/main [3ms]
2026-01-21 22:11:39.874 [info] > git for-each-ref --sort -committerdate --format %(refname)%00%(objectname)%00%(*objectname) [5ms]
2026-01-21 22:11:39.921 [info] > git status -z -uall [62ms]
2026-01-21 22:11:44.943 [info] > git config --get commit.template [7ms]
2026-01-21 22:11:44.945 [info] > git for-each-ref --format=%(refname)%00%(upstream:short)%00%(objectname)%00%(upstream:track)%00%(upstream:remotename)%00%(upstream:remoteref) refs/heads/main refs/remotes/main [3ms]
2026-01-21 22:11:44.982 [info] > git for-each-ref --sort -committerdate --format %(refname)%00%(objectname)%00%(*objectname) [24ms]
2026-01-21 22:11:45.009 [info] > git status -z -uall [58ms]
2026-01-21 22:11:50.034 [info] > git config --get commit.template [7ms]
2026-01-21 22:11:50.036 [info] > git for-each-ref --format=%(refname)%00%(upstream:short)%00%(objectname)%00%(upstream:track)%00%(upstream:remotename)%00%(upstream:remoteref) refs/heads/main refs/remotes/main [3ms]
2026-01-21 22:11:50.070 [info] > git for-each-ref --sort -committerdate --format %(refname)%00%(objectname)%00%(*objectname) [17ms]
2026-01-21 22:11:50.098 [info] > git status -z -uall [55ms]
2026-01-21 22:11:55.122 [info] > git config --get commit.template [7ms]
2026-01-21 22:11:55.123 [info] > git for-each-ref --format=%(refname)%00%(upstream:short)%00%(objectname)%00%(upstream:track)%00%(upstream:remotename)%00%(upstream:remoteref) refs/heads/main refs/remotes/main [2ms]
2026-01-21 22:11:55.143 [info] > git for-each-ref --sort -committerdate --format %(refname)%00%(objectname)%00%(*objectname) [1ms]
2026-01-21 22:11:55.196 [info] > git status -z -uall [67ms]
2026-01-21 22:12:00.219 [info] > git config --get commit.template [6ms]
2026-01-21 22:12:00.221 [info] > git for-each-ref --format=%(refname)%00%(upstream:short)%00%(objectname)%00%(upstream:track)%00%(upstream:remotename)%00%(upstream:remoteref) refs/heads/main refs/remotes/main [2ms]
2026-01-21 22:12:00.245 [info] > git for-each-ref --sort -committerdate --format %(refname)%00%(objectname)%00%(*objectname) [4ms]
2026-01-21 22:12:00.285 [info] > git status -z -uall [58ms]
2026-01-21 22:12:05.308 [info] > git config --get commit.template [7ms]
2026-01-21 22:12:05.310 [info] > git for-each-ref --format=%(refname)%00%(upstream:short)%00%(objectname)%00%(upstream:track)%00%(upstream:remotename)%00%(upstream:remoteref) refs/heads/main refs/remotes/main [3ms]
2026-01-21 22:12:05.337 [info] > git for-each-ref --sort -committerdate --format %(refname)%00%(objectname)%00%(*objectname) [12ms]
2026-01-21 22:12:05.379 [info] > git status -z -uall [63ms]
2026-01-21 22:12:10.401 [info] > git config --get commit.template [8ms]
2026-01-21 22:12:10.403 [info] > git for-each-ref --format=%(refname)%00%(upstream:short)%00%(objectname)%00%(upstream:track)%00%(upstream:remotename)%00%(upstream:remoteref) refs/heads/main refs/remotes/main [3ms]
2026-01-21 22:12:10.433 [info] > git for-each-ref --sort -committerdate --format %(refname)%00%(objectname)%00%(*objectname) [14ms]
2026-01-21 22:12:10.472 [info] > git status -z -uall [63ms]
2026-01-21 22:12:15.495 [info] > git config --get commit.template [8ms]
2026-01-21 22:12:15.497 [info] > git for-each-ref --format=%(refname)%00%(upstream:short)%00%(objectname)%00%(upstream:track)%00%(upstream:remotename)%00%(upstream:remoteref) refs/heads/main refs/remotes/main [3ms]
2026-01-21 22:12:15.514 [info] > git for-each-ref --sort -committerdate --format %(refname)%00%(objectname)%00%(*objectname) [2ms]
2026-01-21 22:12:15.561 [info] > git status -z -uall [58ms]
2026-01-21 22:12:20.584 [info] > git config --get commit.template [7ms]
2026-01-21 22:12:20.586 [info] > git for-each-ref --format=%(refname)%00%(upstream:short)%00%(objectname)%00%(upstream:track)%00%(upstream:remotename)%00%(upstream:remoteref) refs/heads/main refs/remotes/main [3ms]
2026-01-21 22:12:20.613 [info] > git for-each-ref --sort -committerdate --format %(refname)%00%(objectname)%00%(*objectname) [12ms]
2026-01-21 22:12:20.650 [info] > git status -z -uall [58ms]
2026-01-21 22:12:25.672 [info] > git config --get commit.template [7ms]
2026-01-21 22:12:25.674 [info] > git for-each-ref --format=%(refname)%00%(upstream:short)%00%(objectname)%00%(upstream:track)%00%(upstream:remotename)%00%(upstream:remoteref) refs/heads/main refs/remotes/main [3ms]
2026-01-21 22:12:25.698 [info] > git for-each-ref --sort -committerdate --format %(refname)%00%(objectname)%00%(*objectname) [6ms]
2026-01-21 22:12:25.745 [info] > git status -z -uall [65ms]
2026-01-21 22:12:30.770 [info] > git config --get commit.template [8ms]
2026-01-21 22:12:30.772 [info] > git for-each-ref --format=%(refname)%00%(upstream:short)%00%(objectname)%00%(upstream:track)%00%(upstream:remotename)%00%(upstream:remoteref) refs/heads/main refs/remotes/main [3ms]
2026-01-21 22:12:30.795 [info] > git for-each-ref --sort -committerdate --format %(refname)%00%(objectname)%00%(*objectname) [6ms]
2026-01-21 22:12:30.849 [info] > git status -z -uall [72ms]
2026-01-21 22:12:35.872 [info] > git config --get commit.template [8ms]
2026-01-21 22:12:35.874 [info] > git for-each-ref --format=%(refname)%00%(upstream:short)%00%(objectname)%00%(upstream:track)%00%(upstream:remotename)%00%(upstream:remoteref) refs/heads/main refs/remotes/main [3ms]
2026-01-21 22:12:35.900 [info] > git for-each-ref --sort -committerdate --format %(refname)%00%(objectname)%00%(*objectname) [11ms]
2026-01-21 22:12:35.946 [info] > git status -z -uall [66ms]
2026-01-21 22:12:40.970 [info] > git config --get commit.template [7ms]
2026-01-21 22:12:40.972 [info] > git for-each-ref --format=%(refname)%00%(upstream:short)%00%(objectname)%00%(upstream:track)%00%(upstream:remotename)%00%(upstream:remoteref) refs/heads/main refs/remotes/main [3ms]
2026-01-21 22:12:41.012 [info] > git for-each-ref --sort -committerdate --format %(refname)%00%(objectname)%00%(*objectname) [10ms]
2026-01-21 22:12:41.046 [info] > git status -z -uall [68ms]
2026-01-21 22:12:46.071 [info] > git config --get commit.template [8ms]
2026-01-21 22:12:46.073 [info] > git for-each-ref --format=%(refname)%00%(upstream:short)%00%(objectname)%00%(upstream:track)%00%(upstream:remotename)%00%(upstream:remoteref) refs/heads/main refs/remotes/main [3ms]
2026-01-21 22:12:46.107 [info] > git for-each-ref --sort -committerdate --format %(refname)%00%(objectname)%00%(*objectname) [4ms]
2026-01-21 22:12:46.144 [info] > git status -z -uall [63ms]
2026-01-21 22:12:51.170 [info] > git config --get commit.template [9ms]
2026-01-21 22:12:51.173 [info] > git for-each-ref --format=%(refname)%00%(upstream:short)%00%(objectname)%00%(upstream:track)%00%(upstream:remotename)%00%(upstream:remoteref) refs/heads/main refs/remotes/main [4ms]
2026-01-21 22:12:51.199 [info] > git for-each-ref --sort -committerdate --format %(refname)%00%(objectname)%00%(*objectname) [8ms]
2026-01-21 22:12:51.258 [info] > git status -z -uall [74ms]
2026-01-21 22:12:56.282 [info] > git config --get commit.template [7ms]
2026-01-21 22:12:56.283 [info] > git for-each-ref --format=%(refname)%00%(upstream:short)%00%(objectname)%00%(upstream:track)%00%(upstream:remotename)%00%(upstream:remoteref) refs/heads/main refs/remotes/main [2ms]
2026-01-21 22:12:56.304 [info] > git for-each-ref --sort -committerdate --format %(refname)%00%(objectname)%00%(*objectname) [5ms]
2026-01-21 22:12:56.346 [info] > git status -z -uall [56ms]
2026-01-21 22:13:01.371 [info] > git config --get commit.template [7ms]
2026-01-21 22:13:01.372 [info] > git for-each-ref --format=%(refname)%00%(upstream:short)%00%(objectname)%00%(upstream:track)%00%(upstream:remotename)%00%(upstream:remoteref) refs/heads/main refs/remotes/main [2ms]
2026-01-21 22:13:01.390 [info] > git for-each-ref --sort -committerdate --format %(refname)%00%(objectname)%00%(*objectname) [3ms]
2026-01-21 22:13:01.435 [info] > git status -z -uall [57ms]
2026-01-21 22:13:06.460 [info] > git config --get commit.template [8ms]
2026-01-21 22:13:06.462 [info] > git for-each-ref --format=%(refname)%00%(upstream:short)%00%(objectname)%00%(upstream:track)%00%(upstream:remotename)%00%(upstream:remoteref) refs/heads/main refs/remotes/main [3ms]
2026-01-21 22:13:06.496 [info] > git for-each-ref --sort -committerdate --format %(refname)%00%(objectname)%00%(*objectname) [5ms]
2026-01-21 22:13:06.523 [info] > git status -z -uall [55ms]
2026-01-21 22:13:29.259 [info] > git config --get commit.template [4ms]
2026-01-21 22:13:29.275 [info] > git for-each-ref --format=%(refname)%00%(upstream:short)%00%(objectname)%00%(upstream:track)%00%(upstream:remotename)%00%(upstream:remoteref) refs/heads/main refs/remotes/main [5ms]
2026-01-21 22:13:29.343 [info] > git for-each-ref --sort -committerdate --format %(refname)%00%(objectname)%00%(*objectname) [9ms]
2026-01-21 22:13:29.386 [info] > git status -z -uall [95ms]
2026-01-21 22:13:36.304 [info] > git config --get commit.template [18ms]
2026-01-21 22:13:36.308 [info] > git for-each-ref --format=%(refname)%00%(upstream:short)%00%(objectname)%00%(upstream:track)%00%(upstream:remotename)%00%(upstream:remoteref) refs/heads/main refs/remotes/main [7ms]
2026-01-21 22:13:36.374 [info] > git for-each-ref --sort -committerdate --format %(refname)%00%(objectname)%00%(*objectname) [6ms]
2026-01-21 22:13:36.431 [info] > git status -z -uall [112ms]
2026-01-21 22:13:41.460 [info] > git config --get commit.template [7ms]
2026-01-21 22:13:41.464 [info] > git for-each-ref --format=%(refname)%00%(upstream:short)%00%(objectname)%00%(upstream:track)%00%(upstream:remotename)%00%(upstream:remoteref) refs/heads/main refs/remotes/main [5ms]
2026-01-21 22:13:41.486 [info] > git for-each-ref --sort -committerdate --format %(refname)%00%(objectname)%00%(*objectname) [8ms]
2026-01-21 22:13:41.526 [info] > git status -z -uall [56ms]
2026-01-21 22:13:46.551 [info] > git config --get commit.template [8ms]
2026-01-21 22:13:46.556 [info] > git for-each-ref --format=%(refname)%00%(upstream:short)%00%(objectname)%00%(upstream:track)%00%(upstream:remotename)%00%(upstream:remoteref) refs/heads/main refs/remotes/main [6ms]
2026-01-21 22:13:46.584 [info] > git for-each-ref --sort -committerdate --format %(refname)%00%(objectname)%00%(*objectname) [9ms]
2026-01-21 22:13:46.636 [info] > git status -z -uall [68ms]
2026-01-21 22:13:52.536 [info] > git config --get commit.template [8ms]
2026-01-21 22:13:52.554 [info] > git for-each-ref --format=%(refname)%00%(upstream:short)%00%(objectname)%00%(upstream:track)%00%(upstream:remotename)%00%(upstream:remoteref) refs/heads/main refs/remotes/main [6ms]
2026-01-21 22:13:52.605 [info] > git for-each-ref --sort -committerdate --format %(refname)%00%(objectname)%00%(*objectname) [4ms]
2026-01-21 22:13:52.673 [info] > git status -z -uall [101ms]
2026-01-21 22:13:57.706 [info] > git config --get commit.template [8ms]
2026-01-21 22:13:57.707 [info] > git for-each-ref --format=%(refname)%00%(upstream:short)%00%(objectname)%00%(upstream:track)%00%(upstream:remotename)%00%(upstream:remoteref) refs/heads/main refs/remotes/main [2ms]
2026-01-21 22:13:57.729 [info] > git for-each-ref --sort -committerdate --format %(refname)%00%(objectname)%00%(*objectname) [3ms]
2026-01-21 22:13:57.777 [info] > git status -z -uall [64ms]
2026-01-21 22:14:02.803 [info] > git config --get commit.template [8ms]
2026-01-21 22:14:02.805 [info] > git for-each-ref --format=%(refname)%00%(upstream:short)%00%(objectname)%00%(upstream:track)%00%(upstream:remotename)%00%(upstream:remoteref) refs/heads/main refs/remotes/main [3ms]
2026-01-21 22:14:02.834 [info] > git for-each-ref --sort -committerdate --format %(refname)%00%(objectname)%00%(*objectname) [2ms]
2026-01-21 22:14:02.868 [info] > git status -z -uall [57ms]
2026-01-21 22:14:07.894 [info] > git config --get commit.template [9ms]
2026-01-21 22:14:07.895 [info] > git for-each-ref --format=%(refname)%00%(upstream:short)%00%(objectname)%00%(upstream:track)%00%(upstream:remotename)%00%(upstream:remoteref) refs/heads/main refs/remotes/main [3ms]
2026-01-21 22:14:07.920 [info] > git for-each-ref --sort -committerdate --format %(refname)%00%(objectname)%00%(*objectname) [12ms]
2026-01-21 22:14:07.955 [info] > git status -z -uall [54ms]
2026-01-21 22:14:12.981 [info] > git config --get commit.template [9ms]
2026-01-21 22:14:12.983 [info] > git for-each-ref --format=%(refname)%00%(upstream:short)%00%(objectname)%00%(upstream:track)%00%(upstream:remotename)%00%(upstream:remoteref) refs/heads/main refs/remotes/main [3ms]
2026-01-21 22:14:13.006 [info] > git for-each-ref --sort -committerdate --format %(refname)%00%(objectname)%00%(*objectname) [4ms]
2026-01-21 22:14:13.048 [info] > git status -z -uall [58ms]
2026-01-21 22:14:18.072 [info] > git config --get commit.template [7ms]
2026-01-21 22:14:18.074 [info] > git for-each-ref --format=%(refname)%00%(upstream:short)%00%(objectname)%00%(upstream:track)%00%(upstream:remotename)%00%(upstream:remoteref) refs/heads/main refs/remotes/main [3ms]
2026-01-21 22:14:18.093 [info] > git for-each-ref --sort -committerdate --format %(refname)%00%(objectname)%00%(*objectname) [4ms]
2026-01-21 22:14:18.135 [info] > git status -z -uall [55ms]
2026-01-21 22:14:23.159 [info] > git config --get commit.template [8ms]
2026-01-21 22:14:23.161 [info] > git for-each-ref --format=%(refname)%00%(upstream:short)%00%(objectname)%00%(upstream:track)%00%(upstream:remotename)%00%(upstream:remoteref) refs/heads/main refs/remotes/main [2ms]
2026-01-21 22:14:23.181 [info] > git for-each-ref --sort -committerdate --format %(refname)%00%(objectname)%00%(*objectname) [7ms]
2026-01-21 22:14:23.221 [info] > git status -z -uall [55ms]
2026-01-21 22:14:28.244 [info] > git config --get commit.template [7ms]
2026-01-21 22:14:28.246 [info] > git for-each-ref --format=%(refname)%00%(upstream:short)%00%(objectname)%00%(upstream:track)%00%(upstream:remotename)%00%(upstream:remoteref) refs/heads/main refs/remotes/main [3ms]
2026-01-21 22:14:28.263 [info] > git for-each-ref --sort -committerdate --format %(refname)%00%(objectname)%00%(*objectname) [1ms]
2026-01-21 22:14:28.316 [info] > git status -z -uall [64ms]
2026-01-21 22:14:33.342 [info] > git config --get commit.template [6ms]
2026-01-21 22:14:33.344 [info] > git for-each-ref --format=%(refname)%00%(upstream:short)%00%(objectname)%00%(upstream:track)%00%(upstream:remotename)%00%(upstream:remoteref) refs/heads/main refs/remotes/main [2ms]
2026-01-21 22:14:33.364 [info] > git for-each-ref --sort -committerdate --format %(refname)%00%(objectname)%00%(*objectname) [4ms]
2026-01-21 22:14:33.414 [info] > git status -z -uall [64ms]
2026-01-21 22:14:38.438 [info] > git config --get commit.template [3ms]
2026-01-21 22:14:38.449 [info] > git for-each-ref --format=%(refname)%00%(upstream:short)%00%(objectname)%00%(upstream:track)%00%(upstream:remotename)%00%(upstream:remoteref) refs/heads/main refs/remotes/main [2ms]
2026-01-21 22:14:38.465 [info] > git for-each-ref --sort -committerdate --format %(refname)%00%(objectname)%00%(*objectname) [3ms]
2026-01-21 22:14:38.517 [info] > git status -z -uall [61ms]
2026-01-21 22:14:43.543 [info] > git config --get commit.template [7ms]
2026-01-21 22:14:43.545 [info] > git for-each-ref --format=%(refname)%00%(upstream:short)%00%(objectname)%00%(upstream:track)%00%(upstream:remotename)%00%(upstream:remoteref) refs/heads/main refs/remotes/main [3ms]
2026-01-21 22:14:43.577 [info] > git for-each-ref --sort -committerdate --format %(refname)%00%(objectname)%00%(*objectname) [1ms]
2026-01-21 22:14:43.612 [info] > git status -z -uall [61ms]
2026-01-21 22:14:48.634 [info] > git config --get commit.template [7ms]
2026-01-21 22:14:48.636 [info] > git for-each-ref --format=%(refname)%00%(upstream:short)%00%(objectname)%00%(upstream:track)%00%(upstream:remotename)%00%(upstream:remoteref) refs/heads/main refs/remotes/main [3ms]
2026-01-21 22:14:48.658 [info] > git for-each-ref --sort -committerdate --format %(refname)%00%(objectname)%00%(*objectname) [2ms]
2026-01-21 22:14:48.702 [info] > git status -z -uall [60ms]
2026-01-21 22:14:53.728 [info] > git config --get commit.template [8ms]
2026-01-21 22:14:53.730 [info] > git for-each-ref --format=%(refname)%00%(upstream:short)%00%(objectname)%00%(upstream:track)%00%(upstream:remotename)%00%(upstream:remoteref) refs/heads/main refs/remotes/main [3ms]
2026-01-21 22:14:53.756 [info] > git for-each-ref --sort -committerdate --format %(refname)%00%(objectname)%00%(*objectname) [8ms]
2026-01-21 22:14:53.792 [info] > git status -z -uall [55ms]
2026-01-21 22:14:58.820 [info] > git config --get commit.template [9ms]
2026-01-21 22:14:58.822 [info] > git for-each-ref --format=%(refname)%00%(upstream:short)%00%(objectname)%00%(upstream:track)%00%(upstream:remotename)%00%(upstream:remoteref) refs/heads/main refs/remotes/main [3ms]
2026-01-21 22:14:58.846 [info] > git for-each-ref --sort -committerdate --format %(refname)%00%(objectname)%00%(*objectname) [4ms]
2026-01-21 22:14:58.887 [info] > git status -z -uall [58ms]
2026-01-21 22:15:03.918 [info] > git for-each-ref --format=%(refname)%00%(upstream:short)%00%(objectname)%00%(upstream:track)%00%(upstream:remotename)%00%(upstream:remoteref) refs/heads/main refs/remotes/main [2ms]
2026-01-21 22:15:03.918 [info] > git config --get commit.template [11ms]
2026-01-21 22:15:03.953 [info] > git for-each-ref --sort -committerdate --format %(refname)%00%(objectname)%00%(*objectname) [14ms]
2026-01-21 22:15:03.994 [info] > git status -z -uall [69ms]
2026-01-21 22:15:09.022 [info] > git config --get commit.template [7ms]
2026-01-21 22:15:09.024 [info] > git for-each-ref --format=%(refname)%00%(upstream:short)%00%(objectname)%00%(upstream:track)%00%(upstream:remotename)%00%(upstream:remoteref) refs/heads/main refs/remotes/main [3ms]
2026-01-21 22:15:09.040 [info] > git for-each-ref --sort -committerdate --format %(refname)%00%(objectname)%00%(*objectname) [3ms]
2026-01-21 22:15:09.085 [info] > git status -z -uall [55ms]
2026-01-21 22:15:14.108 [info] > git config --get commit.template [7ms]
2026-01-21 22:15:14.110 [info] > git for-each-ref --format=%(refname)%00%(upstream:short)%00%(objectname)%00%(upstream:track)%00%(upstream:remotename)%00%(upstream:remoteref) refs/heads/main refs/remotes/main [3ms]
2026-01-21 22:15:14.136 [info] > git for-each-ref --sort -committerdate --format %(refname)%00%(objectname)%00%(*objectname) [5ms]
2026-01-21 22:15:14.174 [info] > git status -z -uall [58ms]
2026-01-21 22:15:19.198 [info] > git config --get commit.template [7ms]
2026-01-21 22:15:19.199 [info] > git for-each-ref --format=%(refname)%00%(upstream:short)%00%(objectname)%00%(upstream:track)%00%(upstream:remotename)%00%(upstream:remoteref) refs/heads/main refs/remotes/main [3ms]
2026-01-21 22:15:19.220 [info] > git for-each-ref --sort -committerdate --format %(refname)%00%(objectname)%00%(*objectname) [1ms]
2026-01-21 22:15:19.262 [info] > git status -z -uall [57ms]
2026-01-21 22:15:24.286 [info] > git config --get commit.template [8ms]
2026-01-21 22:15:24.288 [info] > git for-each-ref --format=%(refname)%00%(upstream:short)%00%(objectname)%00%(upstream:track)%00%(upstream:remotename)%00%(upstream:remoteref) refs/heads/main refs/remotes/main [3ms]
2026-01-21 22:15:24.320 [info] > git for-each-ref --sort -committerdate --format %(refname)%00%(objectname)%00%(*objectname) [11ms]
2026-01-21 22:15:24.362 [info] > git status -z -uall [67ms]
2026-01-21 22:15:29.385 [info] > git config --get commit.template [7ms]
2026-01-21 22:15:29.387 [info] > git for-each-ref --format=%(refname)%00%(upstream:short)%00%(objectname)%00%(upstream:track)%00%(upstream:remotename)%00%(upstream:remoteref) refs/heads/main refs/remotes/main [3ms]
2026-01-21 22:15:29.406 [info] > git for-each-ref --sort -committerdate --format %(refname)%00%(objectname)%00%(*objectname) [6ms]
2026-01-21 22:15:29.455 [info] > git status -z -uall [62ms]
2026-01-21 22:15:34.480 [info] > git config --get commit.template [7ms]
2026-01-21 22:15:34.482 [info] > git for-each-ref --format=%(refname)%00%(upstream:short)%00%(objectname)%00%(upstream:track)%00%(upstream:remotename)%00%(upstream:remoteref) refs/heads/main refs/remotes/main [2ms]
2026-01-21 22:15:34.507 [info] > git for-each-ref --sort -committerdate --format %(refname)%00%(objectname)%00%(*objectname) [11ms]
2026-01-21 22:15:34.545 [info] > git status -z -uall [58ms]
2026-01-21 22:15:39.571 [info] > git config --get commit.template [8ms]
2026-01-21 22:15:39.573 [info] > git for-each-ref --format=%(refname)%00%(upstream:short)%00%(objectname)%00%(upstream:track)%00%(upstream:remotename)%00%(upstream:remoteref) refs/heads/main refs/remotes/main [3ms]
2026-01-21 22:15:39.598 [info] > git for-each-ref --sort -committerdate --format %(refname)%00%(objectname)%00%(*objectname) [9ms]
2026-01-21 22:15:39.649 [info] > git status -z -uall [70ms]
2026-01-21 22:15:44.674 [info] > git config --get commit.template [8ms]
2026-01-21 22:15:44.676 [info] > git for-each-ref --format=%(refname)%00%(upstream:short)%00%(objectname)%00%(upstream:track)%00%(upstream:remotename)%00%(upstream:remoteref) refs/heads/main refs/remotes/main [2ms]
2026-01-21 22:15:44.696 [info] > git for-each-ref --sort -committerdate --format %(refname)%00%(objectname)%00%(*objectname) [4ms]
2026-01-21 22:15:44.744 [info] > git status -z -uall [62ms]
2026-01-21 22:15:49.768 [info] > git config --get commit.template [8ms]
2026-01-21 22:15:49.780 [info] > git for-each-ref --format=%(refname)%00%(upstream:short)%00%(objectname)%00%(upstream:track)%00%(upstream:remotename)%00%(upstream:remoteref) refs/heads/main refs/remotes/main [3ms]
2026-01-21 22:15:49.809 [info] > git for-each-ref --sort -committerdate --format %(refname)%00%(objectname)%00%(*objectname) [5ms]
2026-01-21 22:15:49.844 [info] > git status -z -uall [58ms]
2026-01-21 22:15:54.867 [info] > git config --get commit.template [7ms]
2026-01-21 22:15:54.868 [info] > git for-each-ref --format=%(refname)%00%(upstream:short)%00%(objectname)%00%(upstream:track)%00%(upstream:remotename)%00%(upstream:remoteref) refs/heads/main refs/remotes/main [3ms]
2026-01-21 22:15:54.901 [info] > git for-each-ref --sort -committerdate --format %(refname)%00%(objectname)%00%(*objectname) [13ms]
2026-01-21 22:15:54.932 [info] > git status -z -uall [58ms]
2026-01-21 22:15:59.955 [info] > git config --get commit.template [7ms]
2026-01-21 22:15:59.957 [info] > git for-each-ref --format=%(refname)%00%(upstream:short)%00%(objectname)%00%(upstream:track)%00%(upstream:remotename)%00%(upstream:remoteref) refs/heads/main refs/remotes/main [3ms]
2026-01-21 22:15:59.976 [info] > git for-each-ref --sort -committerdate --format %(refname)%00%(objectname)%00%(*objectname) [4ms]
2026-01-21 22:16:00.061 [info] > git status -z -uall [98ms]
2026-01-21 22:16:05.090 [info] > git config --get commit.template [7ms]
2026-01-21 22:16:05.092 [info] > git for-each-ref --format=%(refname)%00%(upstream:short)%00%(objectname)%00%(upstream:track)%00%(upstream:remotename)%00%(upstream:remoteref) refs/heads/main refs/remotes/main [2ms]
2026-01-21 22:16:05.120 [info] > git for-each-ref --sort -committerdate --format %(refname)%00%(objectname)%00%(*objectname) [1ms]
2026-01-21 22:16:05.157 [info] > git status -z -uall [59ms]
2026-01-21 22:16:10.180 [info] > git config --get commit.template [7ms]
2026-01-21 22:16:10.182 [info] > git for-each-ref --format=%(refname)%00%(upstream:short)%00%(objectname)%00%(upstream:track)%00%(upstream:remotename)%00%(upstream:remoteref) refs/heads/main refs/remotes/main [3ms]
2026-01-21 22:16:10.224 [info] > git for-each-ref --sort -committerdate --format %(refname)%00%(objectname)%00%(*objectname) [17ms]
2026-01-21 22:16:10.261 [info] > git status -z -uall [73ms]
2026-01-21 22:16:15.285 [info] > git config --get commit.template [7ms]
2026-01-21 22:16:15.286 [info] > git for-each-ref --format=%(refname)%00%(upstream:short)%00%(objectname)%00%(upstream:track)%00%(upstream:remotename)%00%(upstream:remoteref) refs/heads/main refs/remotes/main [2ms]
2026-01-21 22:16:15.302 [info] > git for-each-ref --sort -committerdate --format %(refname)%00%(objectname)%00%(*objectname) [2ms]
2026-01-21 22:16:15.355 [info] > git status -z -uall [63ms]
2026-01-21 22:16:20.381 [info] > git config --get commit.template [9ms]
2026-01-21 22:16:20.382 [info] > git for-each-ref --format=%(refname)%00%(upstream:short)%00%(objectname)%00%(upstream:track)%00%(upstream:remotename)%00%(upstream:remoteref) refs/heads/main refs/remotes/main [2ms]
2026-01-21 22:16:20.404 [info] > git for-each-ref --sort -committerdate --format %(refname)%00%(objectname)%00%(*objectname) [3ms]
2026-01-21 22:16:20.450 [info] > git status -z -uall [61ms]
2026-01-21 22:16:25.474 [info] > git config --get commit.template [7ms]
2026-01-21 22:16:25.475 [info] > git for-each-ref --format=%(refname)%00%(upstream:short)%00%(objectname)%00%(upstream:track)%00%(upstream:remotename)%00%(upstream:remoteref) refs/heads/main refs/remotes/main [2ms]
2026-01-21 22:16:25.503 [info] > git for-each-ref --sort -committerdate --format %(refname)%00%(objectname)%00%(*objectname) [8ms]
2026-01-21 22:16:25.538 [info] > git status -z -uall [57ms]
2026-01-21 22:16:30.563 [info] > git config --get commit.template [8ms]
2026-01-21 22:16:30.564 [info] > git for-each-ref --format=%(refname)%00%(upstream:short)%00%(objectname)%00%(upstream:track)%00%(upstream:remotename)%00%(upstream:remoteref) refs/heads/main refs/remotes/main [2ms]
2026-01-21 22:16:30.583 [info] > git for-each-ref --sort -committerdate --format %(refname)%00%(objectname)%00%(*objectname) [5ms]
2026-01-21 22:16:30.631 [info] > git status -z -uall [60ms]
2026-01-21 22:16:35.658 [info] > git config --get commit.template [8ms]
2026-01-21 22:16:35.660 [info] > git for-each-ref --format=%(refname)%00%(upstream:short)%00%(objectname)%00%(upstream:track)%00%(upstream:remotename)%00%(upstream:remoteref) refs/heads/main refs/remotes/main [3ms]
2026-01-21 22:16:35.681 [info] > git for-each-ref --sort -committerdate --format %(refname)%00%(objectname)%00%(*objectname) [5ms]
2026-01-21 22:16:35.723 [info] > git status -z -uall [56ms]
2026-01-21 22:16:40.747 [info] > git config --get commit.template [6ms]
2026-01-21 22:16:40.749 [info] > git for-each-ref --format=%(refname)%00%(upstream:short)%00%(objectname)%00%(upstream:track)%00%(upstream:remotename)%00%(upstream:remoteref) refs/heads/main refs/remotes/main [2ms]
2026-01-21 22:16:40.784 [info] > git for-each-ref --sort -committerdate --format %(refname)%00%(objectname)%00%(*objectname) [22ms]
2026-01-21 22:16:40.817 [info] > git status -z -uall [62ms]
2026-01-21 22:16:45.835 [info] > git config --get commit.template [3ms]
2026-01-21 22:16:45.843 [info] > git for-each-ref --format=%(refname)%00%(upstream:short)%00%(objectname)%00%(upstream:track)%00%(upstream:remotename)%00%(upstream:remoteref) refs/heads/main refs/remotes/main [3ms]
2026-01-21 22:16:45.867 [info] > git for-each-ref --sort -committerdate --format %(refname)%00%(objectname)%00%(*objectname) [5ms]
2026-01-21 22:16:45.910 [info] > git status -z -uall [61ms]
2026-01-21 22:16:50.938 [info] > git config --get commit.template [7ms]
2026-01-21 22:16:50.940 [info] > git for-each-ref --format=%(refname)%00%(upstream:short)%00%(objectname)%00%(upstream:track)%00%(upstream:remotename)%00%(upstream:remoteref) refs/heads/main refs/remotes/main [3ms]
2026-01-21 22:16:50.964 [info] > git for-each-ref --sort -committerdate --format %(refname)%00%(objectname)%00%(*objectname) [6ms]
2026-01-21 22:16:51.001 [info] > git status -z -uall [55ms]
2026-01-21 22:16:56.023 [info] > git config --get commit.template [7ms]
2026-01-21 22:16:56.025 [info] > git for-each-ref --format=%(refname)%00%(upstream:short)%00%(objectname)%00%(upstream:track)%00%(upstream:remotename)%00%(upstream:remoteref) refs/heads/main refs/remotes/main [3ms]
2026-01-21 22:16:56.056 [info] > git for-each-ref --sort -committerdate --format %(refname)%00%(objectname)%00%(*objectname) [7ms]
2026-01-21 22:16:56.090 [info] > git status -z -uall [59ms]
2026-01-21 22:17:01.112 [info] > git config --get commit.template [7ms]
2026-01-21 22:17:01.114 [info] > git for-each-ref --format=%(refname)%00%(upstream:short)%00%(objectname)%00%(upstream:track)%00%(upstream:remotename)%00%(upstream:remoteref) refs/heads/main refs/remotes/main [3ms]
2026-01-21 22:17:01.132 [info] > git for-each-ref --sort -committerdate --format %(refname)%00%(objectname)%00%(*objectname) [3ms]
2026-01-21 22:17:01.175 [info] > git status -z -uall [55ms]
2026-01-21 22:17:06.198 [info] > git config --get commit.template [7ms]
2026-01-21 22:17:06.200 [info] > git for-each-ref --format=%(refname)%00%(upstream:short)%00%(objectname)%00%(upstream:track)%00%(upstream:remotename)%00%(upstream:remoteref) refs/heads/main refs/remotes/main [3ms]
2026-01-21 22:17:06.221 [info] > git for-each-ref --sort -committerdate --format %(refname)%00%(objectname)%00%(*objectname) [3ms]
2026-01-21 22:17:06.262 [info] > git status -z -uall [56ms]
2026-01-21 22:17:11.284 [info] > git config --get commit.template [7ms]
2026-01-21 22:17:11.286 [info] > git for-each-ref --format=%(refname)%00%(upstream:short)%00%(objectname)%00%(upstream:track)%00%(upstream:remotename)%00%(upstream:remoteref) refs/heads/main refs/remotes/main [3ms]
2026-01-21 22:17:11.308 [info] > git for-each-ref --sort -committerdate --format %(refname)%00%(objectname)%00%(*objectname) [9ms]
2026-01-21 22:17:11.347 [info] > git status -z -uall [55ms]
2026-01-21 22:17:16.368 [info] > git config --get commit.template [7ms]
2026-01-21 22:17:16.370 [info] > git for-each-ref --format=%(refname)%00%(upstream:short)%00%(objectname)%00%(upstream:track)%00%(upstream:remotename)%00%(upstream:remoteref) refs/heads/main refs/remotes/main [2ms]
2026-01-21 22:17:16.402 [info] > git for-each-ref --sort -committerdate --format %(refname)%00%(objectname)%00%(*objectname) [19ms]
2026-01-21 22:17:16.432 [info] > git status -z -uall [56ms]
2026-01-21 22:17:21.457 [info] > git config --get commit.template [7ms]
2026-01-21 22:17:21.458 [info] > git for-each-ref --format=%(refname)%00%(upstream:short)%00%(objectname)%00%(upstream:track)%00%(upstream:remotename)%00%(upstream:remoteref) refs/heads/main refs/remotes/main [2ms]
2026-01-21 22:17:21.477 [info] > git for-each-ref --sort -committerdate --format %(refname)%00%(objectname)%00%(*objectname) [5ms]
2026-01-21 22:17:21.522 [info] > git status -z -uall [58ms]
2026-01-21 22:17:26.545 [info] > git config --get commit.template [7ms]
2026-01-21 22:17:26.546 [info] > git for-each-ref --format=%(refname)%00%(upstream:short)%00%(objectname)%00%(upstream:track)%00%(upstream:remotename)%00%(upstream:remoteref) refs/heads/main refs/remotes/main [2ms]
2026-01-21 22:17:26.570 [info] > git for-each-ref --sort -committerdate --format %(refname)%00%(objectname)%00%(*objectname) [4ms]
2026-01-21 22:17:26.613 [info] > git status -z -uall [58ms]
2026-01-21 22:17:31.637 [info] > git config --get commit.template [7ms]
2026-01-21 22:17:31.639 [info] > git for-each-ref --format=%(refname)%00%(upstream:short)%00%(objectname)%00%(upstream:track)%00%(upstream:remotename)%00%(upstream:remoteref) refs/heads/main refs/remotes/main [3ms]
2026-01-21 22:17:31.663 [info] > git for-each-ref --sort -committerdate --format %(refname)%00%(objectname)%00%(*objectname) [11ms]
2026-01-21 22:17:31.702 [info] > git status -z -uall [56ms]
2026-01-21 22:17:36.725 [info] > git config --get commit.template [2ms]
2026-01-21 22:17:36.734 [info] > git for-each-ref --format=%(refname)%00%(upstream:short)%00%(objectname)%00%(upstream:track)%00%(upstream:remotename)%00%(upstream:remoteref) refs/heads/main refs/remotes/main [3ms]
2026-01-21 22:17:36.760 [info] > git for-each-ref --sort -committerdate --format %(refname)%00%(objectname)%00%(*objectname) [6ms]
2026-01-21 22:17:36.805 [info] > git status -z -uall [62ms]
2026-01-21 22:17:41.832 [info] > git config --get commit.template [9ms]
2026-01-21 22:17:41.833 [info] > git for-each-ref --format=%(refname)%00%(upstream:short)%00%(objectname)%00%(upstream:track)%00%(upstream:remotename)%00%(upstream:remoteref) refs/heads/main refs/remotes/main [2ms]
2026-01-21 22:17:41.863 [info] > git for-each-ref --sort -committerdate --format %(refname)%00%(objectname)%00%(*objectname) [4ms]
2026-01-21 22:17:41.895 [info] > git status -z -uall [55ms]
2026-01-21 22:17:46.919 [info] > git config --get commit.template [7ms]
2026-01-21 22:17:46.921 [info] > git for-each-ref --format=%(refname)%00%(upstream:short)%00%(objectname)%00%(upstream:track)%00%(upstream:remotename)%00%(upstream:remoteref) refs/heads/main refs/remotes/main [2ms]
2026-01-21 22:17:46.950 [info] > git for-each-ref --sort -committerdate --format %(refname)%00%(objectname)%00%(*objectname) [15ms]
2026-01-21 22:17:46.992 [info] > git status -z -uall [63ms]
2026-01-21 22:17:52.019 [info] > git config --get commit.template [8ms]
2026-01-21 22:17:52.019 [info] > git for-each-ref --format=%(refname)%00%(upstream:short)%00%(objectname)%00%(upstream:track)%00%(upstream:remotename)%00%(upstream:remoteref) refs/heads/main refs/remotes/main [3ms]
2026-01-21 22:17:52.049 [info] > git for-each-ref --sort -committerdate --format %(refname)%00%(objectname)%00%(*objectname) [10ms]
2026-01-21 22:17:52.080 [info] > git status -z -uall [55ms]
2026-01-21 22:17:57.106 [info] > git config --get commit.template [7ms]
2026-01-21 22:17:57.107 [info] > git for-each-ref --format=%(refname)%00%(upstream:short)%00%(objectname)%00%(upstream:track)%00%(upstream:remotename)%00%(upstream:remoteref) refs/heads/main refs/remotes/main [3ms]
2026-01-21 22:17:57.136 [info] > git for-each-ref --sort -committerdate --format %(refname)%00%(objectname)%00%(*objectname) [10ms]
2026-01-21 22:17:57.172 [info] > git status -z -uall [59ms]
2026-01-21 22:18:02.196 [info] > git config --get commit.template [7ms]
2026-01-21 22:18:02.197 [info] > git for-each-ref --format=%(refname)%00%(upstream:short)%00%(objectname)%00%(upstream:track)%00%(upstream:remotename)%00%(upstream:remoteref) refs/heads/main refs/remotes/main [2ms]
2026-01-21 22:18:02.216 [info] > git for-each-ref --sort -committerdate --format %(refname)%00%(objectname)%00%(*objectname) [5ms]
2026-01-21 22:18:02.259 [info] > git status -z -uall [56ms]
2026-01-21 22:18:07.282 [info] > git config --get commit.template [8ms]
2026-01-21 22:18:07.284 [info] > git for-each-ref --format=%(refname)%00%(upstream:short)%00%(objectname)%00%(upstream:track)%00%(upstream:remotename)%00%(upstream:remoteref) refs/heads/main refs/remotes/main [3ms]
2026-01-21 22:18:07.313 [info] > git for-each-ref --sort -committerdate --format %(refname)%00%(objectname)%00%(*objectname) [7ms]
2026-01-21 22:18:07.346 [info] > git status -z -uall [56ms]
2026-01-21 22:18:12.370 [info] > git config --get commit.template [7ms]
2026-01-21 22:18:12.372 [info] > git for-each-ref --format=%(refname)%00%(upstream:short)%00%(objectname)%00%(upstream:track)%00%(upstream:remotename)%00%(upstream:remoteref) refs/heads/main refs/remotes/main [2ms]
2026-01-21 22:18:12.408 [info] > git for-each-ref --sort -committerdate --format %(refname)%00%(objectname)%00%(*objectname) [7ms]
2026-01-21 22:18:12.433 [info] > git status -z -uall [55ms]
2026-01-21 22:18:17.462 [info] > git config --get commit.template [10ms]
2026-01-21 22:18:17.462 [info] > git for-each-ref --format=%(refname)%00%(upstream:short)%00%(objectname)%00%(upstream:track)%00%(upstream:remotename)%00%(upstream:remoteref) refs/heads/main refs/remotes/main [3ms]
2026-01-21 22:18:17.485 [info] > git for-each-ref --sort -committerdate --format %(refname)%00%(objectname)%00%(*objectname) [6ms]
2026-01-21 22:18:17.536 [info] > git status -z -uall [66ms]
2026-01-21 22:18:22.561 [info] > git config --get commit.template [7ms]
2026-01-21 22:18:22.563 [info] > git for-each-ref --format=%(refname)%00%(upstream:short)%00%(objectname)%00%(upstream:track)%00%(upstream:remotename)%00%(upstream:remoteref) refs/heads/main refs/remotes/main [3ms]
2026-01-21 22:18:22.584 [info] > git for-each-ref --sort -committerdate --format %(refname)%00%(objectname)%00%(*objectname) [5ms]
2026-01-21 22:18:22.635 [info] > git status -z -uall [65ms]
2026-01-21 22:18:27.659 [info] > git config --get commit.template [7ms]
2026-01-21 22:18:27.661 [info] > git for-each-ref --format=%(refname)%00%(upstream:short)%00%(objectname)%00%(upstream:track)%00%(upstream:remotename)%00%(upstream:remoteref) refs/heads/main refs/remotes/main [3ms]
2026-01-21 22:18:27.682 [info] > git for-each-ref --sort -committerdate --format %(refname)%00%(objectname)%00%(*objectname) [4ms]
2026-01-21 22:18:27.727 [info] > git status -z -uall [60ms]
2026-01-21 22:18:32.745 [info] > git config --get commit.template [2ms]
2026-01-21 22:18:32.753 [info] > git for-each-ref --format=%(refname)%00%(upstream:short)%00%(objectname)%00%(upstream:track)%00%(upstream:remotename)%00%(upstream:remoteref) refs/heads/main refs/remotes/main [2ms]
2026-01-21 22:18:32.784 [info] > git for-each-ref --sort -committerdate --format %(refname)%00%(objectname)%00%(*objectname) [17ms]
2026-01-21 22:18:32.819 [info] > git status -z -uall [59ms]
2026-01-21 22:18:37.842 [info] > git config --get commit.template [7ms]
2026-01-21 22:18:37.844 [info] > git for-each-ref --format=%(refname)%00%(upstream:short)%00%(objectname)%00%(upstream:track)%00%(upstream:remotename)%00%(upstream:remoteref) refs/heads/main refs/remotes/main [3ms]
2026-01-21 22:18:37.869 [info] > git for-each-ref --sort -committerdate --format %(refname)%00%(objectname)%00%(*objectname) [8ms]
2026-01-21 22:18:37.906 [info] > git status -z -uall [56ms]
2026-01-21 22:18:42.931 [info] > git config --get commit.template [8ms]
2026-01-21 22:18:42.933 [info] > git for-each-ref --format=%(refname)%00%(upstream:short)%00%(objectname)%00%(upstream:track)%00%(upstream:remotename)%00%(upstream:remoteref) refs/heads/main refs/remotes/main [3ms]
2026-01-21 22:18:42.959 [info] > git for-each-ref --sort -committerdate --format %(refname)%00%(objectname)%00%(*objectname) [11ms]
2026-01-21 22:18:43.007 [info] > git status -z -uall [67ms]
2026-01-21 22:18:48.031 [info] > git config --get commit.template [7ms]
2026-01-21 22:18:48.033 [info] > git for-each-ref --format=%(refname)%00%(upstream:short)%00%(objectname)%00%(upstream:track)%00%(upstream:remotename)%00%(upstream:remoteref) refs/heads/main refs/remotes/main [3ms]
2026-01-21 22:18:48.064 [info] > git for-each-ref --sort -committerdate --format %(refname)%00%(objectname)%00%(*objectname) [2ms]
2026-01-21 22:18:48.094 [info] > git status -z -uall [55ms]
2026-01-21 22:18:53.116 [info] > git config --get commit.template [6ms]
2026-01-21 22:18:53.118 [info] > git for-each-ref --format=%(refname)%00%(upstream:short)%00%(objectname)%00%(upstream:track)%00%(upstream:remotename)%00%(upstream:remoteref) refs/heads/main refs/remotes/main [2ms]
2026-01-21 22:18:53.146 [info] > git for-each-ref --sort -committerdate --format %(refname)%00%(objectname)%00%(*objectname) [15ms]
2026-01-21 22:18:53.183 [info] > git status -z -uall [59ms]
2026-01-21 22:18:58.201 [info] > git config --get commit.template [2ms]
2026-01-21 22:18:58.209 [info] > git for-each-ref --format=%(refname)%00%(upstream:short)%00%(objectname)%00%(upstream:track)%00%(upstream:remotename)%00%(upstream:remoteref) refs/heads/main refs/remotes/main [3ms]
2026-01-21 22:18:58.234 [info] > git for-each-ref --sort -committerdate --format %(refname)%00%(objectname)%00%(*objectname) [10ms]
2026-01-21 22:18:58.277 [info] > git status -z -uall [62ms]
2026-01-21 22:19:03.302 [info] > git config --get commit.template [7ms]
2026-01-21 22:19:03.303 [info] > git for-each-ref --format=%(refname)%00%(upstream:short)%00%(objectname)%00%(upstream:track)%00%(upstream:remotename)%00%(upstream:remoteref) refs/heads/main refs/remotes/main [2ms]
2026-01-21 22:19:03.324 [info] > git for-each-ref --sort -committerdate --format %(refname)%00%(objectname)%00%(*objectname) [1ms]
2026-01-21 22:19:03.370 [info] > git status -z -uall [61ms]
2026-01-21 22:19:08.394 [info] > git config --get commit.template [6ms]
2026-01-21 22:19:08.395 [info] > git for-each-ref --format=%(refname)%00%(upstream:short)%00%(objectname)%00%(upstream:track)%00%(upstream:remotename)%00%(upstream:remoteref) refs/heads/main refs/remotes/main [2ms]
2026-01-21 22:19:08.432 [info] > git for-each-ref --sort -committerdate --format %(refname)%00%(objectname)%00%(*objectname) [23ms]
2026-01-21 22:19:08.457 [info] > git status -z -uall [56ms]
2026-01-21 22:19:13.480 [info] > git config --get commit.template [8ms]
2026-01-21 22:19:13.481 [info] > git for-each-ref --format=%(refname)%00%(upstream:short)%00%(objectname)%00%(upstream:track)%00%(upstream:remotename)%00%(upstream:remoteref) refs/heads/main refs/remotes/main [3ms]
2026-01-21 22:19:13.499 [info] > git for-each-ref --sort -committerdate --format %(refname)%00%(objectname)%00%(*objectname) [5ms]
2026-01-21 22:19:13.547 [info] > git status -z -uall [59ms]
2026-01-21 22:19:18.571 [info] > git config --get commit.template [7ms]
2026-01-21 22:19:18.573 [info] > git for-each-ref --format=%(refname)%00%(upstream:short)%00%(objectname)%00%(upstream:track)%00%(upstream:remotename)%00%(upstream:remoteref) refs/heads/main refs/remotes/main [3ms]
2026-01-21 22:19:18.595 [info] > git for-each-ref --sort -committerdate --format %(refname)%00%(objectname)%00%(*objectname) [6ms]
2026-01-21 22:19:18.634 [info] > git status -z -uall [55ms]
2026-01-21 22:19:23.658 [info] > git config --get commit.template [6ms]
2026-01-21 22:19:23.659 [info] > git for-each-ref --format=%(refname)%00%(upstream:short)%00%(objectname)%00%(upstream:track)%00%(upstream:remotename)%00%(upstream:remoteref) refs/heads/main refs/remotes/main [2ms]
2026-01-21 22:19:23.679 [info] > git for-each-ref --sort -committerdate --format %(refname)%00%(objectname)%00%(*objectname) [2ms]
2026-01-21 22:19:23.723 [info] > git status -z -uall [58ms]
2026-01-21 22:19:28.749 [info] > git config --get commit.template [7ms]
2026-01-21 22:19:28.751 [info] > git for-each-ref --format=%(refname)%00%(upstream:short)%00%(objectname)%00%(upstream:track)%00%(upstream:remotename)%00%(upstream:remoteref) refs/heads/main refs/remotes/main [3ms]
2026-01-21 22:19:28.776 [info] > git for-each-ref --sort -committerdate --format %(refname)%00%(objectname)%00%(*objectname) [5ms]
2026-01-21 22:19:28.817 [info] > git status -z -uall [60ms]
2026-01-21 22:19:33.841 [info] > git config --get commit.template [6ms]
2026-01-21 22:19:33.843 [info] > git for-each-ref --format=%(refname)%00%(upstream:short)%00%(objectname)%00%(upstream:track)%00%(upstream:remotename)%00%(upstream:remoteref) refs/heads/main refs/remotes/main [2ms]
2026-01-21 22:19:33.876 [info] > git for-each-ref --sort -committerdate --format %(refname)%00%(objectname)%00%(*objectname) [14ms]
2026-01-21 22:19:33.908 [info] > git status -z -uall [59ms]
2026-01-21 22:19:38.932 [info] > git config --get commit.template [6ms]
2026-01-21 22:19:38.933 [info] > git for-each-ref --format=%(refname)%00%(upstream:short)%00%(objectname)%00%(upstream:track)%00%(upstream:remotename)%00%(upstream:remoteref) refs/heads/main refs/remotes/main [2ms]
2026-01-21 22:19:38.960 [info] > git for-each-ref --sort -committerdate --format %(refname)%00%(objectname)%00%(*objectname) [8ms]
2026-01-21 22:19:39.000 [info] > git status -z -uall [61ms]
2026-01-21 22:19:44.026 [info] > git config --get commit.template [9ms]
2026-01-21 22:19:44.029 [info] > git for-each-ref --format=%(refname)%00%(upstream:short)%00%(objectname)%00%(upstream:track)%00%(upstream:remotename)%00%(upstream:remoteref) refs/heads/main refs/remotes/main [4ms]
2026-01-21 22:19:44.069 [info] > git for-each-ref --sort -committerdate --format %(refname)%00%(objectname)%00%(*objectname) [10ms]
2026-01-21 22:19:44.109 [info] > git status -z -uall [71ms]
2026-01-21 22:19:49.133 [info] > git config --get commit.template [7ms]
2026-01-21 22:19:49.135 [info] > git for-each-ref --format=%(refname)%00%(upstream:short)%00%(objectname)%00%(upstream:track)%00%(upstream:remotename)%00%(upstream:remoteref) refs/heads/main refs/remotes/main [2ms]
2026-01-21 22:19:49.159 [info] > git for-each-ref --sort -committerdate --format %(refname)%00%(objectname)%00%(*objectname) [10ms]
2026-01-21 22:19:49.199 [info] > git status -z -uall [58ms]
2026-01-21 22:19:54.217 [info] > git config --get commit.template [2ms]
2026-01-21 22:19:54.225 [info] > git for-each-ref --format=%(refname)%00%(upstream:short)%00%(objectname)%00%(upstream:track)%00%(upstream:remotename)%00%(upstream:remoteref) refs/heads/main refs/remotes/main [2ms]
2026-01-21 22:19:54.251 [info] > git for-each-ref --sort -committerdate --format %(refname)%00%(objectname)%00%(*objectname) [4ms]
2026-01-21 22:19:54.294 [info] > git status -z -uall [63ms]
2026-01-21 22:19:59.318 [info] > git config --get commit.template [7ms]
2026-01-21 22:19:59.320 [info] > git for-each-ref --format=%(refname)%00%(upstream:short)%00%(objectname)%00%(upstream:track)%00%(upstream:remotename)%00%(upstream:remoteref) refs/heads/main refs/remotes/main [3ms]
2026-01-21 22:19:59.340 [info] > git for-each-ref --sort -committerdate --format %(refname)%00%(objectname)%00%(*objectname) [4ms]
2026-01-21 22:19:59.383 [info] > git status -z -uall [57ms]
2026-01-21 22:20:04.407 [info] > git config --get commit.template [7ms]
2026-01-21 22:20:04.409 [info] > git for-each-ref --format=%(refname)%00%(upstream:short)%00%(objectname)%00%(upstream:track)%00%(upstream:remotename)%00%(upstream:remoteref) refs/heads/main refs/remotes/main [3ms]
2026-01-21 22:20:04.426 [info] > git for-each-ref --sort -committerdate --format %(refname)%00%(objectname)%00%(*objectname) [3ms]
2026-01-21 22:20:04.469 [info] > git status -z -uall [54ms]
2026-01-21 22:20:09.487 [info] > git config --get commit.template [2ms]
2026-01-21 22:20:09.495 [info] > git for-each-ref --format=%(refname)%00%(upstream:short)%00%(objectname)%00%(upstream:track)%00%(upstream:remotename)%00%(upstream:remoteref) refs/heads/main refs/remotes/main [2ms]
2026-01-21 22:20:09.513 [info] > git for-each-ref --sort -committerdate --format %(refname)%00%(objectname)%00%(*objectname) [5ms]
2026-01-21 22:20:09.555 [info] > git status -z -uall [54ms]
2026-01-21 22:20:14.578 [info] > git config --get commit.template [7ms]
2026-01-21 22:20:14.580 [info] > git for-each-ref --format=%(refname)%00%(upstream:short)%00%(objectname)%00%(upstream:track)%00%(upstream:remotename)%00%(upstream:remoteref) refs/heads/main refs/remotes/main [3ms]
2026-01-21 22:20:14.606 [info] > git for-each-ref --sort -committerdate --format %(refname)%00%(objectname)%00%(*objectname) [11ms]
2026-01-21 22:20:14.644 [info] > git status -z -uall [58ms]
2026-01-21 22:20:19.667 [info] > git config --get commit.template [7ms]
2026-01-21 22:20:19.669 [info] > git for-each-ref --format=%(refname)%00%(upstream:short)%00%(objectname)%00%(upstream:track)%00%(upstream:remotename)%00%(upstream:remoteref) refs/heads/main refs/remotes/main [3ms]
2026-01-21 22:20:19.713 [info] > git for-each-ref --sort -committerdate --format %(refname)%00%(objectname)%00%(*objectname) [2ms]
2026-01-21 22:20:19.738 [info] > git status -z -uall [62ms]
2026-01-21 22:20:24.756 [info] > git config --get commit.template [2ms]
2026-01-21 22:20:24.764 [info] > git for-each-ref --format=%(refname)%00%(upstream:short)%00%(objectname)%00%(upstream:track)%00%(upstream:remotename)%00%(upstream:remoteref) refs/heads/main refs/remotes/main [2ms]
2026-01-21 22:20:24.785 [info] > git for-each-ref --sort -committerdate --format %(refname)%00%(objectname)%00%(*objectname) [3ms]
2026-01-21 22:20:24.830 [info] > git status -z -uall [59ms]
2026-01-21 22:20:29.854 [info] > git config --get commit.template [6ms]
2026-01-21 22:20:29.856 [info] > git for-each-ref --format=%(refname)%00%(upstream:short)%00%(objectname)%00%(upstream:track)%00%(upstream:remotename)%00%(upstream:remoteref) refs/heads/main refs/remotes/main [2ms]
2026-01-21 22:20:29.880 [info] > git for-each-ref --sort -committerdate --format %(refname)%00%(objectname)%00%(*objectname) [2ms]
2026-01-21 22:20:29.919 [info] > git status -z -uall [56ms]
2026-01-21 22:20:34.942 [info] > git config --get commit.template [7ms]
2026-01-21 22:20:34.944 [info] > git for-each-ref --format=%(refname)%00%(upstream:short)%00%(objectname)%00%(upstream:track)%00%(upstream:remotename)%00%(upstream:remoteref) refs/heads/main refs/remotes/main [3ms]
2026-01-21 22:20:34.965 [info] > git for-each-ref --sort -committerdate --format %(refname)%00%(objectname)%00%(*objectname) [6ms]
2026-01-21 22:20:35.010 [info] > git status -z -uall [60ms]
2026-01-21 22:20:40.033 [info] > git config --get commit.template [6ms]
2026-01-21 22:20:40.035 [info] > git for-each-ref --format=%(refname)%00%(upstream:short)%00%(objectname)%00%(upstream:track)%00%(upstream:remotename)%00%(upstream:remoteref) refs/heads/main refs/remotes/main [2ms]
2026-01-21 22:20:40.055 [info] > git for-each-ref --sort -committerdate --format %(refname)%00%(objectname)%00%(*objectname) [6ms]
2026-01-21 22:20:40.096 [info] > git status -z -uall [55ms]
2026-01-21 22:20:45.119 [info] > git config --get commit.template [7ms]
2026-01-21 22:20:45.120 [info] > git for-each-ref --format=%(refname)%00%(upstream:short)%00%(objectname)%00%(upstream:track)%00%(upstream:remotename)%00%(upstream:remoteref) refs/heads/main refs/remotes/main [2ms]
2026-01-21 22:20:45.141 [info] > git for-each-ref --sort -committerdate --format %(refname)%00%(objectname)%00%(*objectname) [2ms]
2026-01-21 22:20:45.183 [info] > git status -z -uall [56ms]
2026-01-21 22:20:50.207 [info] > git config --get commit.template [7ms]
2026-01-21 22:20:50.209 [info] > git for-each-ref --format=%(refname)%00%(upstream:short)%00%(objectname)%00%(upstream:track)%00%(upstream:remotename)%00%(upstream:remoteref) refs/heads/main refs/remotes/main [3ms]
2026-01-21 22:20:50.235 [info] > git for-each-ref --sort -committerdate --format %(refname)%00%(objectname)%00%(*objectname) [13ms]
2026-01-21 22:20:50.274 [info] > git status -z -uall [59ms]
2026-01-21 22:20:55.297 [info] > git config --get commit.template [7ms]
2026-01-21 22:20:55.298 [info] > git for-each-ref --format=%(refname)%00%(upstream:short)%00%(objectname)%00%(upstream:track)%00%(upstream:remotename)%00%(upstream:remoteref) refs/heads/main refs/remotes/main [2ms]
2026-01-21 22:20:55.333 [info] > git for-each-ref --sort -committerdate --format %(refname)%00%(objectname)%00%(*objectname) [4ms]
2026-01-21 22:20:55.358 [info] > git status -z -uall [54ms]
2026-01-21 22:21:00.379 [info] > git config --get commit.template [7ms]
2026-01-21 22:21:00.381 [info] > git for-each-ref --format=%(refname)%00%(upstream:short)%00%(objectname)%00%(upstream:track)%00%(upstream:remotename)%00%(upstream:remoteref) refs/heads/main refs/remotes/main [3ms]
2026-01-21 22:21:00.411 [info] > git for-each-ref --sort -committerdate --format %(refname)%00%(objectname)%00%(*objectname) [9ms]
2026-01-21 22:21:00.442 [info] > git status -z -uall [55ms]
2026-01-21 22:21:05.464 [info] > git config --get commit.template [7ms]
2026-01-21 22:21:05.466 [info] > git for-each-ref --format=%(refname)%00%(upstream:short)%00%(objectname)%00%(upstream:track)%00%(upstream:remotename)%00%(upstream:remoteref) refs/heads/main refs/remotes/main [3ms]
2026-01-21 22:21:05.492 [info] > git for-each-ref --sort -committerdate --format %(refname)%00%(objectname)%00%(*objectname) [4ms]
2026-01-21 22:21:05.533 [info] > git status -z -uall [61ms]
2026-01-21 22:21:10.556 [info] > git config --get commit.template [7ms]
2026-01-21 22:21:10.558 [info] > git for-each-ref --format=%(refname)%00%(upstream:short)%00%(objectname)%00%(upstream:track)%00%(upstream:remotename)%00%(upstream:remoteref) refs/heads/main refs/remotes/main [3ms]
2026-01-21 22:21:10.578 [info] > git for-each-ref --sort -committerdate --format %(refname)%00%(objectname)%00%(*objectname) [6ms]
2026-01-21 22:21:10.620 [info] > git status -z -uall [56ms]
2026-01-21 22:21:15.644 [info] > git config --get commit.template [7ms]
2026-01-21 22:21:15.645 [info] > git for-each-ref --format=%(refname)%00%(upstream:short)%00%(objectname)%00%(upstream:track)%00%(upstream:remotename)%00%(upstream:remoteref) refs/heads/main refs/remotes/main [2ms]
2026-01-21 22:21:15.664 [info] > git for-each-ref --sort -committerdate --format %(refname)%00%(objectname)%00%(*objectname) [5ms]
2026-01-21 22:21:15.710 [info] > git status -z -uall [59ms]
2026-01-21 22:21:20.735 [info] > git config --get commit.template [9ms]
2026-01-21 22:21:20.735 [info] > git for-each-ref --format=%(refname)%00%(upstream:short)%00%(objectname)%00%(upstream:track)%00%(upstream:remotename)%00%(upstream:remoteref) refs/heads/main refs/remotes/main [2ms]
2026-01-21 22:21:20.755 [info] > git for-each-ref --sort -committerdate --format %(refname)%00%(objectname)%00%(*objectname) [3ms]
2026-01-21 22:21:20.803 [info] > git status -z -uall [61ms]
2026-01-21 22:21:25.826 [info] > git config --get commit.template [7ms]
2026-01-21 22:21:25.828 [info] > git for-each-ref --format=%(refname)%00%(upstream:short)%00%(objectname)%00%(upstream:track)%00%(upstream:remotename)%00%(upstream:remoteref) refs/heads/main refs/remotes/main [3ms]
2026-01-21 22:21:25.845 [info] > git for-each-ref --sort -committerdate --format %(refname)%00%(objectname)%00%(*objectname) [4ms]
2026-01-21 22:21:25.892 [info] > git status -z -uall [57ms]
2026-01-21 22:21:30.911 [info] > git config --get commit.template [2ms]
2026-01-21 22:21:30.919 [info] > git for-each-ref --format=%(refname)%00%(upstream:short)%00%(objectname)%00%(upstream:track)%00%(upstream:remotename)%00%(upstream:remoteref) refs/heads/main refs/remotes/main [2ms]
2026-01-21 22:21:30.954 [info] > git for-each-ref --sort -committerdate --format %(refname)%00%(objectname)%00%(*objectname) [5ms]
2026-01-21 22:21:30.983 [info] > git status -z -uall [57ms]
2026-01-21 22:21:36.006 [info] > git config --get commit.template [7ms]
2026-01-21 22:21:36.008 [info] > git for-each-ref --format=%(refname)%00%(upstream:short)%00%(objectname)%00%(upstream:track)%00%(upstream:remotename)%00%(upstream:remoteref) refs/heads/main refs/remotes/main [3ms]
2026-01-21 22:21:36.033 [info] > git for-each-ref --sort -committerdate --format %(refname)%00%(objectname)%00%(*objectname) [8ms]
2026-01-21 22:21:36.073 [info] > git status -z -uall [59ms]
2026-01-21 22:21:41.097 [info] > git config --get commit.template [7ms]
2026-01-21 22:21:41.098 [info] > git for-each-ref --format=%(refname)%00%(upstream:short)%00%(objectname)%00%(upstream:track)%00%(upstream:remotename)%00%(upstream:remoteref) refs/heads/main refs/remotes/main [2ms]
2026-01-21 22:21:41.115 [info] > git for-each-ref --sort -committerdate --format %(refname)%00%(objectname)%00%(*objectname) [4ms]
2026-01-21 22:21:41.163 [info] > git status -z -uall [59ms]
2026-01-21 22:21:46.181 [info] > git config --get commit.template [2ms]
2026-01-21 22:21:46.189 [info] > git for-each-ref --format=%(refname)%00%(upstream:short)%00%(objectname)%00%(upstream:track)%00%(upstream:remotename)%00%(upstream:remoteref) refs/heads/main refs/remotes/main [2ms]
2026-01-21 22:21:46.219 [info] > git for-each-ref --sort -committerdate --format %(refname)%00%(objectname)%00%(*objectname) [16ms]
2026-01-21 22:21:46.251 [info] > git status -z -uall [55ms]
2026-01-21 22:21:51.275 [info] > git config --get commit.template [8ms]
2026-01-21 22:21:51.277 [info] > git for-each-ref --format=%(refname)%00%(upstream:short)%00%(objectname)%00%(upstream:track)%00%(upstream:remotename)%00%(upstream:remoteref) refs/heads/main refs/remotes/main [3ms]
2026-01-21 22:21:51.295 [info] > git for-each-ref --sort -committerdate --format %(refname)%00%(objectname)%00%(*objectname) [4ms]
2026-01-21 22:21:51.345 [info] > git status -z -uall [61ms]
2026-01-21 22:21:56.368 [info] > git config --get commit.template [6ms]
2026-01-21 22:21:56.370 [info] > git for-each-ref --format=%(refname)%00%(upstream:short)%00%(objectname)%00%(upstream:track)%00%(upstream:remotename)%00%(upstream:remoteref) refs/heads/main refs/remotes/main [2ms]
2026-01-21 22:21:56.389 [info] > git for-each-ref --sort -committerdate --format %(refname)%00%(objectname)%00%(*objectname) [5ms]
2026-01-21 22:21:56.434 [info] > git status -z -uall [58ms]
2026-01-21 22:22:01.459 [info] > git config --get commit.template [6ms]
2026-01-21 22:22:01.461 [info] > git for-each-ref --format=%(refname)%00%(upstream:short)%00%(objectname)%00%(upstream:track)%00%(upstream:remotename)%00%(upstream:remoteref) refs/heads/main refs/remotes/main [2ms]
2026-01-21 22:22:01.488 [info] > git for-each-ref --sort -committerdate --format %(refname)%00%(objectname)%00%(*objectname) [6ms]
2026-01-21 22:22:01.526 [info] > git status -z -uall [59ms]
2026-01-21 22:22:06.550 [info] > git config --get commit.template [7ms]
2026-01-21 22:22:06.551 [info] > git for-each-ref --format=%(refname)%00%(upstream:short)%00%(objectname)%00%(upstream:track)%00%(upstream:remotename)%00%(upstream:remoteref) refs/heads/main refs/remotes/main [2ms]
2026-01-21 22:22:06.576 [info] > git for-each-ref --sort -committerdate --format %(refname)%00%(objectname)%00%(*objectname) [11ms]
2026-01-21 22:22:06.612 [info] > git status -z -uall [55ms]
2026-01-21 22:22:11.637 [info] > git config --get commit.template [8ms]
2026-01-21 22:22:11.638 [info] > git for-each-ref --format=%(refname)%00%(upstream:short)%00%(objectname)%00%(upstream:track)%00%(upstream:remotename)%00%(upstream:remoteref) refs/heads/main refs/remotes/main [3ms]
2026-01-21 22:22:11.656 [info] > git for-each-ref --sort -committerdate --format %(refname)%00%(objectname)%00%(*objectname) [5ms]
2026-01-21 22:22:11.712 [info] > git status -z -uall [67ms]
2026-01-21 22:22:16.735 [info] > git config --get commit.template [7ms]
2026-01-21 22:22:16.736 [info] > git for-each-ref --format=%(refname)%00%(upstream:short)%00%(objectname)%00%(upstream:track)%00%(upstream:remotename)%00%(upstream:remoteref) refs/heads/main refs/remotes/main [2ms]
2026-01-21 22:22:16.766 [info] > git for-each-ref --sort -committerdate --format %(refname)%00%(objectname)%00%(*objectname) [14ms]
2026-01-21 22:22:16.802 [info] > git status -z -uall [59ms]
2026-01-21 22:22:21.827 [info] > git config --get commit.template [8ms]
2026-01-21 22:22:21.829 [info] > git for-each-ref --format=%(refname)%00%(upstream:short)%00%(objectname)%00%(upstream:track)%00%(upstream:remotename)%00%(upstream:remoteref) refs/heads/main refs/remotes/main [3ms]
2026-01-21 22:22:21.864 [info] > git for-each-ref --sort -committerdate --format %(refname)%00%(objectname)%00%(*objectname) [2ms]
2026-01-21 22:22:21.889 [info] > git status -z -uall [54ms]
2026-01-21 22:22:26.905 [info] > git config --get commit.template [2ms]
2026-01-21 22:22:26.913 [info] > git for-each-ref --format=%(refname)%00%(upstream:short)%00%(objectname)%00%(upstream:track)%00%(upstream:remotename)%00%(upstream:remoteref) refs/heads/main refs/remotes/main [2ms]
2026-01-21 22:22:26.942 [info] > git for-each-ref --sort -committerdate --format %(refname)%00%(objectname)%00%(*objectname) [6ms]
2026-01-21 22:22:26.977 [info] > git status -z -uall [58ms]
2026-01-21 22:22:31.999 [info] > git config --get commit.template [7ms]
2026-01-21 22:22:32.001 [info] > git for-each-ref --format=%(refname)%00%(upstream:short)%00%(objectname)%00%(upstream:track)%00%(upstream:remotename)%00%(upstream:remoteref) refs/heads/main refs/remotes/main [3ms]
2026-01-21 22:22:32.026 [info] > git for-each-ref --sort -committerdate --format %(refname)%00%(objectname)%00%(*objectname) [11ms]
2026-01-21 22:22:32.062 [info] > git status -z -uall [55ms]
2026-01-21 22:22:37.080 [info] > git config --get commit.template [2ms]
2026-01-21 22:22:37.088 [info] > git for-each-ref --format=%(refname)%00%(upstream:short)%00%(objectname)%00%(upstream:track)%00%(upstream:remotename)%00%(upstream:remoteref) refs/heads/main refs/remotes/main [3ms]
2026-01-21 22:22:37.113 [info] > git for-each-ref --sort -committerdate --format %(refname)%00%(objectname)%00%(*objectname) [9ms]
2026-01-21 22:22:37.152 [info] > git status -z -uall [58ms]
2026-01-21 22:22:42.176 [info] > git config --get commit.template [7ms]
2026-01-21 22:22:42.178 [info] > git for-each-ref --format=%(refname)%00%(upstream:short)%00%(objectname)%00%(upstream:track)%00%(upstream:remotename)%00%(upstream:remoteref) refs/heads/main refs/remotes/main [3ms]
2026-01-21 22:22:42.200 [info] > git for-each-ref --sort -committerdate --format %(refname)%00%(objectname)%00%(*objectname) [4ms]
2026-01-21 22:22:42.241 [info] > git status -z -uall [57ms]
2026-01-21 22:22:47.257 [info] > git config --get commit.template [2ms]
2026-01-21 22:22:47.265 [info] > git for-each-ref --format=%(refname)%00%(upstream:short)%00%(objectname)%00%(upstream:track)%00%(upstream:remotename)%00%(upstream:remoteref) refs/heads/main refs/remotes/main [2ms]
2026-01-21 22:22:47.293 [info] > git for-each-ref --sort -committerdate --format %(refname)%00%(objectname)%00%(*objectname) [8ms]
2026-01-21 22:22:47.335 [info] > git status -z -uall [64ms]
2026-01-21 22:36:34.099 [info] > git config --get commit.template [28ms]
2026-01-21 22:36:34.118 [info] > git ls-files --stage -- README.md [20ms]
2026-01-21 22:36:34.131 [info] > git for-each-ref --format=%(refname)%00%(upstream:short)%00%(objectname)%00%(upstream:track)%00%(upstream:remotename)%00%(upstream:remoteref) refs/heads/main refs/remotes/main [15ms]
2026-01-21 22:36:34.175 [info] > git cat-file -s 28c9433e688df2c3b8c9cb436eb3411e2f837566 [45ms]
2026-01-21 22:36:34.179 [info] > git for-each-ref --sort -committerdate --format %(refname)%00%(objectname)%00%(*objectname) [5ms]
2026-01-21 22:36:34.207 [info] > git show --textconv :README.md [9ms]
2026-01-21 22:36:34.249 [info] > git status -z -uall [101ms]
2026-01-21 22:36:39.277 [info] > git config --get commit.template [8ms]
2026-01-21 22:36:39.279 [info] > git for-each-ref --format=%(refname)%00%(upstream:short)%00%(objectname)%00%(upstream:track)%00%(upstream:remotename)%00%(upstream:remoteref) refs/heads/main refs/remotes/main [3ms]
2026-01-21 22:36:39.320 [info] > git for-each-ref --sort -committerdate --format %(refname)%00%(objectname)%00%(*objectname) [26ms]
2026-01-21 22:36:39.349 [info] > git status -z -uall [64ms]
2026-01-21 22:36:44.373 [info] > git config --get commit.template [8ms]
2026-01-21 22:36:44.375 [info] > git for-each-ref --format=%(refname)%00%(upstream:short)%00%(objectname)%00%(upstream:track)%00%(upstream:remotename)%00%(upstream:remoteref) refs/heads/main refs/remotes/main [3ms]
2026-01-21 22:36:44.394 [info] > git for-each-ref --sort -committerdate --format %(refname)%00%(objectname)%00%(*objectname) [6ms]
2026-01-21 22:36:44.444 [info] > git status -z -uall [63ms]
2026-01-21 22:36:49.467 [info] > git config --get commit.template [6ms]
2026-01-21 22:36:49.469 [info] > git for-each-ref --format=%(refname)%00%(upstream:short)%00%(objectname)%00%(upstream:track)%00%(upstream:remotename)%00%(upstream:remoteref) refs/heads/main refs/remotes/main [3ms]
2026-01-21 22:36:49.494 [info] > git for-each-ref --sort -committerdate --format %(refname)%00%(objectname)%00%(*objectname) [6ms]
2026-01-21 22:36:49.534 [info] > git status -z -uall [59ms]
2026-01-21 22:36:54.562 [info] > git config --get commit.template [7ms]
2026-01-21 22:36:54.564 [info] > git for-each-ref --format=%(refname)%00%(upstream:short)%00%(objectname)%00%(upstream:track)%00%(upstream:remotename)%00%(upstream:remoteref) refs/heads/main refs/remotes/main [3ms]
2026-01-21 22:36:54.585 [info] > git for-each-ref --sort -committerdate --format %(refname)%00%(objectname)%00%(*objectname) [1ms]
2026-01-21 22:36:54.628 [info] > git status -z -uall [58ms]
2026-01-21 22:36:59.653 [info] > git config --get commit.template [7ms]
2026-01-21 22:36:59.655 [info] > git for-each-ref --format=%(refname)%00%(upstream:short)%00%(objectname)%00%(upstream:track)%00%(upstream:remotename)%00%(upstream:remoteref) refs/heads/main refs/remotes/main [3ms]
2026-01-21 22:36:59.671 [info] > git for-each-ref --sort -committerdate --format %(refname)%00%(objectname)%00%(*objectname) [3ms]
2026-01-21 22:36:59.720 [info] > git status -z -uall [60ms]
2026-01-21 22:37:04.742 [info] > git config --get commit.template [7ms]
2026-01-21 22:37:04.744 [info] > git for-each-ref --format=%(refname)%00%(upstream:short)%00%(objectname)%00%(upstream:track)%00%(upstream:remotename)%00%(upstream:remoteref) refs/heads/main refs/remotes/main [3ms]
2026-01-21 22:37:04.769 [info] > git for-each-ref --sort -committerdate --format %(refname)%00%(objectname)%00%(*objectname) [5ms]
2026-01-21 22:37:04.812 [info] > git status -z -uall [62ms]
2026-01-21 22:37:09.834 [info] > git config --get commit.template [6ms]
2026-01-21 22:37:09.836 [info] > git for-each-ref --format=%(refname)%00%(upstream:short)%00%(objectname)%00%(upstream:track)%00%(upstream:remotename)%00%(upstream:remoteref) refs/heads/main refs/remotes/main [2ms]
2026-01-21 22:37:09.885 [info] > git for-each-ref --sort -committerdate --format %(refname)%00%(objectname)%00%(*objectname) [13ms]
2026-01-21 22:37:09.918 [info] > git status -z -uall [76ms]
2026-01-21 22:37:14.944 [info] > git config --get commit.template [7ms]
2026-01-21 22:37:14.946 [info] > git for-each-ref --format=%(refname)%00%(upstream:short)%00%(objectname)%00%(upstream:track)%00%(upstream:remotename)%00%(upstream:remoteref) refs/heads/main refs/remotes/main [3ms]
2026-01-21 22:37:14.978 [info] > git for-each-ref --sort -committerdate --format %(refname)%00%(objectname)%00%(*objectname) [8ms]
2026-01-21 22:37:15.007 [info] > git status -z -uall [55ms]
2026-01-21 22:37:20.029 [info] > git config --get commit.template [7ms]
2026-01-21 22:37:20.030 [info] > git for-each-ref --format=%(refname)%00%(upstream:short)%00%(objectname)%00%(upstream:track)%00%(upstream:remotename)%00%(upstream:remoteref) refs/heads/main refs/remotes/main [2ms]
2026-01-21 22:37:20.050 [info] > git for-each-ref --sort -committerdate --format %(refname)%00%(objectname)%00%(*objectname) [6ms]
2026-01-21 22:37:20.094 [info] > git status -z -uall [58ms]
2026-01-21 22:37:25.119 [info] > git config --get commit.template [9ms]
2026-01-21 22:37:25.120 [info] > git for-each-ref --format=%(refname)%00%(upstream:short)%00%(objectname)%00%(upstream:track)%00%(upstream:remotename)%00%(upstream:remoteref) refs/heads/main refs/remotes/main [3ms]
2026-01-21 22:37:25.149 [info] > git for-each-ref --sort -committerdate --format %(refname)%00%(objectname)%00%(*objectname) [9ms]
2026-01-21 22:37:25.181 [info] > git status -z -uall [55ms]
2026-01-21 22:37:30.206 [info] > git config --get commit.template [7ms]
2026-01-21 22:37:30.208 [info] > git for-each-ref --format=%(refname)%00%(upstream:short)%00%(objectname)%00%(upstream:track)%00%(upstream:remotename)%00%(upstream:remoteref) refs/heads/main refs/remotes/main [3ms]
2026-01-21 22:37:30.235 [info] > git for-each-ref --sort -committerdate --format %(refname)%00%(objectname)%00%(*objectname) [1ms]
2026-01-21 22:37:30.286 [info] > git status -z -uall [71ms]
2026-01-21 22:37:35.313 [info] > git config --get commit.template [6ms]
2026-01-21 22:37:35.315 [info] > git for-each-ref --format=%(refname)%00%(upstream:short)%00%(objectname)%00%(upstream:track)%00%(upstream:remotename)%00%(upstream:remoteref) refs/heads/main refs/remotes/main [2ms]
2026-01-21 22:37:35.332 [info] > git for-each-ref --sort -committerdate --format %(refname)%00%(objectname)%00%(*objectname) [3ms]
2026-01-21 22:37:35.378 [info] > git status -z -uall [57ms]
2026-01-21 22:37:40.401 [info] > git config --get commit.template [7ms]
2026-01-21 22:37:40.403 [info] > git for-each-ref --format=%(refname)%00%(upstream:short)%00%(objectname)%00%(upstream:track)%00%(upstream:remotename)%00%(upstream:remoteref) refs/heads/main refs/remotes/main [3ms]
2026-01-21 22:37:40.433 [info] > git for-each-ref --sort -committerdate --format %(refname)%00%(objectname)%00%(*objectname) [15ms]
2026-01-21 22:37:40.463 [info] > git status -z -uall [55ms]
2026-01-21 22:37:45.480 [info] > git config --get commit.template [2ms]
2026-01-21 22:37:45.488 [info] > git for-each-ref --format=%(refname)%00%(upstream:short)%00%(objectname)%00%(upstream:track)%00%(upstream:remotename)%00%(upstream:remoteref) refs/heads/main refs/remotes/main [2ms]
2026-01-21 22:37:45.511 [info] > git for-each-ref --sort -committerdate --format %(refname)%00%(objectname)%00%(*objectname) [6ms]
2026-01-21 22:37:45.554 [info] > git status -z -uall [60ms]
2026-01-21 22:37:50.581 [info] > git config --get commit.template [8ms]
2026-01-21 22:37:50.583 [info] > git for-each-ref --format=%(refname)%00%(upstream:short)%00%(objectname)%00%(upstream:track)%00%(upstream:remotename)%00%(upstream:remoteref) refs/heads/main refs/remotes/main [3ms]
2026-01-21 22:37:50.612 [info] > git for-each-ref --sort -committerdate --format %(refname)%00%(objectname)%00%(*objectname) [9ms]
2026-01-21 22:37:50.645 [info] > git status -z -uall [56ms]
2026-01-21 22:37:55.668 [info] > git config --get commit.template [7ms]
2026-01-21 22:37:55.670 [info] > git for-each-ref --format=%(refname)%00%(upstream:short)%00%(objectname)%00%(upstream:track)%00%(upstream:remotename)%00%(upstream:remoteref) refs/heads/main refs/remotes/main [3ms]
2026-01-21 22:37:55.691 [info] > git for-each-ref --sort -committerdate --format %(refname)%00%(objectname)%00%(*objectname) [7ms]
2026-01-21 22:37:55.740 [info] > git status -z -uall [65ms]
2026-01-21 22:38:00.762 [info] > git config --get commit.template [7ms]
2026-01-21 22:38:00.764 [info] > git for-each-ref --format=%(refname)%00%(upstream:short)%00%(objectname)%00%(upstream:track)%00%(upstream:remotename)%00%(upstream:remoteref) refs/heads/main refs/remotes/main [3ms]
2026-01-21 22:38:00.782 [info] > git for-each-ref --sort -committerdate --format %(refname)%00%(objectname)%00%(*objectname) [3ms]
2026-01-21 22:38:00.830 [info] > git status -z -uall [60ms]
2026-01-21 22:38:05.854 [info] > git config --get commit.template [8ms]
2026-01-21 22:38:05.855 [info] > git for-each-ref --format=%(refname)%00%(upstream:short)%00%(objectname)%00%(upstream:track)%00%(upstream:remotename)%00%(upstream:remoteref) refs/heads/main refs/remotes/main [2ms]
2026-01-21 22:38:05.889 [info] > git for-each-ref --sort -committerdate --format %(refname)%00%(objectname)%00%(*objectname) [5ms]
2026-01-21 22:38:05.920 [info] > git status -z -uall [58ms]
2026-01-21 22:38:10.937 [info] > git config --get commit.template [2ms]
2026-01-21 22:38:10.945 [info] > git for-each-ref --format=%(refname)%00%(upstream:short)%00%(objectname)%00%(upstream:track)%00%(upstream:remotename)%00%(upstream:remoteref) refs/heads/main refs/remotes/main [2ms]
2026-01-21 22:38:10.968 [info] > git for-each-ref --sort -committerdate --format %(refname)%00%(objectname)%00%(*objectname) [3ms]
2026-01-21 22:38:11.010 [info] > git status -z -uall [59ms]
2026-01-21 22:38:16.035 [info] > git config --get commit.template [7ms]
2026-01-21 22:38:16.037 [info] > git for-each-ref --format=%(refname)%00%(upstream:short)%00%(objectname)%00%(upstream:track)%00%(upstream:remotename)%00%(upstream:remoteref) refs/heads/main refs/remotes/main [3ms]
2026-01-21 22:38:16.062 [info] > git for-each-ref --sort -committerdate --format %(refname)%00%(objectname)%00%(*objectname) [12ms]
2026-01-21 22:38:16.097 [info] > git status -z -uall [55ms]
2026-01-21 22:38:21.121 [info] > git config --get commit.template [7ms]
2026-01-21 22:38:21.123 [info] > git for-each-ref --format=%(refname)%00%(upstream:short)%00%(objectname)%00%(upstream:track)%00%(upstream:remotename)%00%(upstream:remoteref) refs/heads/main refs/remotes/main [3ms]
2026-01-21 22:38:21.148 [info] > git for-each-ref --sort -committerdate --format %(refname)%00%(objectname)%00%(*objectname) [7ms]
2026-01-21 22:38:21.185 [info] > git status -z -uall [56ms]
2026-01-21 22:38:26.208 [info] > git config --get commit.template [7ms]
2026-01-21 22:38:26.210 [info] > git for-each-ref --format=%(refname)%00%(upstream:short)%00%(objectname)%00%(upstream:track)%00%(upstream:remotename)%00%(upstream:remoteref) refs/heads/main refs/remotes/main [3ms]
2026-01-21 22:38:26.241 [info] > git for-each-ref --sort -committerdate --format %(refname)%00%(objectname)%00%(*objectname) [15ms]
2026-01-21 22:38:26.273 [info] > git status -z -uall [56ms]
2026-01-21 22:38:31.293 [info] > git config --get commit.template [2ms]
2026-01-21 22:38:31.301 [info] > git for-each-ref --format=%(refname)%00%(upstream:short)%00%(objectname)%00%(upstream:track)%00%(upstream:remotename)%00%(upstream:remoteref) refs/heads/main refs/remotes/main [2ms]
2026-01-21 22:38:31.321 [info] > git for-each-ref --sort -committerdate --format %(refname)%00%(objectname)%00%(*objectname) [4ms]
2026-01-21 22:38:31.363 [info] > git status -z -uall [56ms]
2026-01-21 22:38:36.386 [info] > git config --get commit.template [7ms]
2026-01-21 22:38:36.387 [info] > git for-each-ref --format=%(refname)%00%(upstream:short)%00%(objectname)%00%(upstream:track)%00%(upstream:remotename)%00%(upstream:remoteref) refs/heads/main refs/remotes/main [2ms]
2026-01-21 22:38:36.410 [info] > git for-each-ref --sort -committerdate --format %(refname)%00%(objectname)%00%(*objectname) [3ms]
2026-01-21 22:38:36.450 [info] > git status -z -uall [56ms]
2026-01-21 22:38:41.474 [info] > git config --get commit.template [7ms]
2026-01-21 22:38:41.476 [info] > git for-each-ref --format=%(refname)%00%(upstream:short)%00%(objectname)%00%(upstream:track)%00%(upstream:remotename)%00%(upstream:remoteref) refs/heads/main refs/remotes/main [3ms]
2026-01-21 22:38:41.511 [info] > git for-each-ref --sort -committerdate --format %(refname)%00%(objectname)%00%(*objectname) [10ms]
2026-01-21 22:38:41.537 [info] > git status -z -uall [56ms]
2026-01-21 22:38:46.560 [info] > git config --get commit.template [7ms]
2026-01-21 22:38:46.562 [info] > git for-each-ref --format=%(refname)%00%(upstream:short)%00%(objectname)%00%(upstream:track)%00%(upstream:remotename)%00%(upstream:remoteref) refs/heads/main refs/remotes/main [3ms]
2026-01-21 22:38:46.588 [info] > git for-each-ref --sort -committerdate --format %(refname)%00%(objectname)%00%(*objectname) [8ms]
2026-01-21 22:38:46.625 [info] > git status -z -uall [57ms]
2026-01-21 22:38:51.648 [info] > git config --get commit.template [7ms]
2026-01-21 22:38:51.650 [info] > git for-each-ref --format=%(refname)%00%(upstream:short)%00%(objectname)%00%(upstream:track)%00%(upstream:remotename)%00%(upstream:remoteref) refs/heads/main refs/remotes/main [3ms]
2026-01-21 22:38:51.681 [info] > git for-each-ref --sort -committerdate --format %(refname)%00%(objectname)%00%(*objectname) [10ms]
2026-01-21 22:38:51.766 [info] > git status -z -uall [110ms]
2026-01-21 22:38:56.802 [info] > git config --get commit.template [10ms]
2026-01-21 22:38:56.802 [info] > git for-each-ref --format=%(refname)%00%(upstream:short)%00%(objectname)%00%(upstream:track)%00%(upstream:remotename)%00%(upstream:remoteref) refs/heads/main refs/remotes/main [4ms]
2026-01-21 22:38:56.820 [info] > git for-each-ref --sort -committerdate --format %(refname)%00%(objectname)%00%(*objectname) [4ms]
2026-01-21 22:38:56.891 [info] > git status -z -uall [81ms]
2026-01-21 22:39:01.923 [info] > git config --get commit.template [8ms]
2026-01-21 22:39:01.926 [info] > git for-each-ref --format=%(refname)%00%(upstream:short)%00%(objectname)%00%(upstream:track)%00%(upstream:remotename)%00%(upstream:remoteref) refs/heads/main refs/remotes/main [4ms]
2026-01-21 22:39:01.947 [info] > git for-each-ref --sort -committerdate --format %(refname)%00%(objectname)%00%(*objectname) [3ms]
2026-01-21 22:39:01.998 [info] > git status -z -uall [65ms]
2026-01-21 22:39:07.019 [info] > git config --get commit.template [6ms]
2026-01-21 22:39:07.021 [info] > git for-each-ref --format=%(refname)%00%(upstream:short)%00%(objectname)%00%(upstream:track)%00%(upstream:remotename)%00%(upstream:remoteref) refs/heads/main refs/remotes/main [2ms]
2026-01-21 22:39:07.057 [info] > git for-each-ref --sort -committerdate --format %(refname)%00%(objectname)%00%(*objectname) [5ms]
2026-01-21 22:39:07.087 [info] > git status -z -uall [60ms]
2026-01-21 22:39:12.107 [info] > git config --get commit.template [3ms]
2026-01-21 22:39:12.116 [info] > git for-each-ref --format=%(refname)%00%(upstream:short)%00%(objectname)%00%(upstream:track)%00%(upstream:remotename)%00%(upstream:remoteref) refs/heads/main refs/remotes/main [3ms]
2026-01-21 22:39:12.141 [info] > git for-each-ref --sort -committerdate --format %(refname)%00%(objectname)%00%(*objectname) [11ms]
2026-01-21 22:39:12.186 [info] > git status -z -uall [63ms]
2026-01-21 22:39:17.212 [info] > git config --get commit.template [8ms]
2026-01-21 22:39:17.214 [info] > git for-each-ref --format=%(refname)%00%(upstream:short)%00%(objectname)%00%(upstream:track)%00%(upstream:remotename)%00%(upstream:remoteref) refs/heads/main refs/remotes/main [3ms]
2026-01-21 22:39:17.236 [info] > git for-each-ref --sort -committerdate --format %(refname)%00%(objectname)%00%(*objectname) [2ms]
2026-01-21 22:39:17.283 [info] > git status -z -uall [63ms]
2026-01-21 22:39:22.310 [info] > git config --get commit.template [8ms]
2026-01-21 22:39:22.311 [info] > git for-each-ref --format=%(refname)%00%(upstream:short)%00%(objectname)%00%(upstream:track)%00%(upstream:remotename)%00%(upstream:remoteref) refs/heads/main refs/remotes/main [3ms]
2026-01-21 22:39:22.328 [info] > git for-each-ref --sort -committerdate --format %(refname)%00%(objectname)%00%(*objectname) [4ms]
2026-01-21 22:39:22.378 [info] > git status -z -uall [61ms]
2026-01-21 22:39:27.401 [info] > git config --get commit.template [6ms]
2026-01-21 22:39:27.402 [info] > git for-each-ref --format=%(refname)%00%(upstream:short)%00%(objectname)%00%(upstream:track)%00%(upstream:remotename)%00%(upstream:remoteref) refs/heads/main refs/remotes/main [2ms]
2026-01-21 22:39:27.430 [info] > git for-each-ref --sort -committerdate --format %(refname)%00%(objectname)%00%(*objectname) [6ms]
2026-01-21 22:39:27.467 [info] > git status -z -uall [59ms]
2026-01-21 22:39:32.491 [info] > git config --get commit.template [7ms]
2026-01-21 22:39:32.492 [info] > git for-each-ref --format=%(refname)%00%(upstream:short)%00%(objectname)%00%(upstream:track)%00%(upstream:remotename)%00%(upstream:remoteref) refs/heads/main refs/remotes/main [2ms]
2026-01-21 22:39:32.527 [info] > git for-each-ref --sort -committerdate --format %(refname)%00%(objectname)%00%(*objectname) [19ms]
2026-01-21 22:39:32.556 [info] > git status -z -uall [57ms]
2026-01-21 22:39:37.581 [info] > git config --get commit.template [6ms]
2026-01-21 22:39:37.583 [info] > git for-each-ref --format=%(refname)%00%(upstream:short)%00%(objectname)%00%(upstream:track)%00%(upstream:remotename)%00%(upstream:remoteref) refs/heads/main refs/remotes/main [3ms]
2026-01-21 22:39:37.617 [info] > git for-each-ref --sort -committerdate --format %(refname)%00%(objectname)%00%(*objectname) [14ms]
2026-01-21 22:39:37.651 [info] > git status -z -uall [61ms]
2026-01-21 22:39:42.676 [info] > git config --get commit.template [7ms]
2026-01-21 22:39:42.678 [info] > git for-each-ref --format=%(refname)%00%(upstream:short)%00%(objectname)%00%(upstream:track)%00%(upstream:remotename)%00%(upstream:remoteref) refs/heads/main refs/remotes/main [3ms]
2026-01-21 22:39:42.711 [info] > git for-each-ref --sort -committerdate --format %(refname)%00%(objectname)%00%(*objectname) [3ms]
2026-01-21 22:39:42.741 [info] > git status -z -uall [57ms]
2026-01-21 22:39:47.767 [info] > git config --get commit.template [9ms]
2026-01-21 22:39:47.769 [info] > git for-each-ref --format=%(refname)%00%(upstream:short)%00%(objectname)%00%(upstream:track)%00%(upstream:remotename)%00%(upstream:remoteref) refs/heads/main refs/remotes/main [4ms]
2026-01-21 22:39:47.794 [info] > git for-each-ref --sort -committerdate --format %(refname)%00%(objectname)%00%(*objectname) [1ms]
2026-01-21 22:39:47.851 [info] > git status -z -uall [74ms]
2026-01-21 22:39:52.877 [info] > git config --get commit.template [8ms]
2026-01-21 22:39:52.880 [info] > git for-each-ref --format=%(refname)%00%(upstream:short)%00%(objectname)%00%(upstream:track)%00%(upstream:remotename)%00%(upstream:remoteref) refs/heads/main refs/remotes/main [4ms]
2026-01-21 22:39:52.916 [info] > git for-each-ref --sort -committerdate --format %(refname)%00%(objectname)%00%(*objectname) [9ms]
2026-01-21 22:39:52.956 [info] > git status -z -uall [69ms]
2026-01-21 22:39:57.985 [info] > git config --get commit.template [7ms]
2026-01-21 22:39:57.987 [info] > git for-each-ref --format=%(refname)%00%(upstream:short)%00%(objectname)%00%(upstream:track)%00%(upstream:remotename)%00%(upstream:remoteref) refs/heads/main refs/remotes/main [3ms]
2026-01-21 22:39:58.008 [info] > git for-each-ref --sort -committerdate --format %(refname)%00%(objectname)%00%(*objectname) [1ms]
2026-01-21 22:39:58.055 [info] > git status -z -uall [63ms]
2026-01-21 22:40:03.077 [info] > git config --get commit.template [7ms]
2026-01-21 22:40:03.079 [info] > git for-each-ref --format=%(refname)%00%(upstream:short)%00%(objectname)%00%(upstream:track)%00%(upstream:remotename)%00%(upstream:remoteref) refs/heads/main refs/remotes/main [3ms]
2026-01-21 22:40:03.111 [info] > git for-each-ref --sort -committerdate --format %(refname)%00%(objectname)%00%(*objectname) [3ms]
2026-01-21 22:40:03.144 [info] > git status -z -uall [59ms]
2026-01-21 22:40:08.166 [info] > git config --get commit.template [7ms]
2026-01-21 22:40:08.168 [info] > git for-each-ref --format=%(refname)%00%(upstream:short)%00%(objectname)%00%(upstream:track)%00%(upstream:remotename)%00%(upstream:remoteref) refs/heads/main refs/remotes/main [3ms]
2026-01-21 22:40:08.188 [info] > git for-each-ref --sort -committerdate --format %(refname)%00%(objectname)%00%(*objectname) [5ms]
2026-01-21 22:40:08.239 [info] > git status -z -uall [63ms]
2026-01-21 22:40:13.256 [info] > git config --get commit.template [2ms]
2026-01-21 22:40:13.264 [info] > git for-each-ref --format=%(refname)%00%(upstream:short)%00%(objectname)%00%(upstream:track)%00%(upstream:remotename)%00%(upstream:remoteref) refs/heads/main refs/remotes/main [2ms]
2026-01-21 22:40:13.288 [info] > git for-each-ref --sort -committerdate --format %(refname)%00%(objectname)%00%(*objectname) [7ms]
2026-01-21 22:40:13.330 [info] > git status -z -uall [60ms]
2026-01-21 22:40:18.353 [info] > git config --get commit.template [7ms]
2026-01-21 22:40:18.355 [info] > git for-each-ref --format=%(refname)%00%(upstream:short)%00%(objectname)%00%(upstream:track)%00%(upstream:remotename)%00%(upstream:remoteref) refs/heads/main refs/remotes/main [3ms]
2026-01-21 22:40:18.380 [info] > git for-each-ref --sort -committerdate --format %(refname)%00%(objectname)%00%(*objectname) [5ms]
2026-01-21 22:40:18.427 [info] > git status -z -uall [66ms]
2026-01-21 22:40:23.452 [info] > git config --get commit.template [7ms]
2026-01-21 22:40:23.454 [info] > git for-each-ref --format=%(refname)%00%(upstream:short)%00%(objectname)%00%(upstream:track)%00%(upstream:remotename)%00%(upstream:remoteref) refs/heads/main refs/remotes/main [3ms]
2026-01-21 22:40:23.481 [info] > git for-each-ref --sort -committerdate --format %(refname)%00%(objectname)%00%(*objectname) [3ms]
2026-01-21 22:40:23.548 [info] > git status -z -uall [88ms]
2026-01-21 22:40:28.567 [info] > git config --get commit.template [2ms]
2026-01-21 22:40:28.576 [info] > git for-each-ref --format=%(refname)%00%(upstream:short)%00%(objectname)%00%(upstream:track)%00%(upstream:remotename)%00%(upstream:remoteref) refs/heads/main refs/remotes/main [3ms]
2026-01-21 22:40:28.597 [info] > git for-each-ref --sort -committerdate --format %(refname)%00%(objectname)%00%(*objectname) [8ms]
2026-01-21 22:40:28.641 [info] > git status -z -uall [59ms]
2026-01-21 22:40:33.664 [info] > git config --get commit.template [7ms]
2026-01-21 22:40:33.666 [info] > git for-each-ref --format=%(refname)%00%(upstream:short)%00%(objectname)%00%(upstream:track)%00%(upstream:remotename)%00%(upstream:remoteref) refs/heads/main refs/remotes/main [3ms]
2026-01-21 22:40:33.692 [info] > git for-each-ref --sort -committerdate --format %(refname)%00%(objectname)%00%(*objectname) [6ms]
2026-01-21 22:40:33.732 [info] > git status -z -uall [60ms]
2026-01-21 22:40:38.755 [info] > git config --get commit.template [7ms]
2026-01-21 22:40:38.757 [info] > git for-each-ref --format=%(refname)%00%(upstream:short)%00%(objectname)%00%(upstream:track)%00%(upstream:remotename)%00%(upstream:remoteref) refs/heads/main refs/remotes/main [3ms]
2026-01-21 22:40:38.790 [info] > git for-each-ref --sort -committerdate --format %(refname)%00%(objectname)%00%(*objectname) [6ms]
2026-01-21 22:40:38.820 [info] > git status -z -uall [58ms]
2026-01-21 22:40:43.843 [info] > git config --get commit.template [7ms]
2026-01-21 22:40:43.845 [info] > git for-each-ref --format=%(refname)%00%(upstream:short)%00%(objectname)%00%(upstream:track)%00%(upstream:remotename)%00%(upstream:remoteref) refs/heads/main refs/remotes/main [3ms]
2026-01-21 22:40:43.874 [info] > git for-each-ref --sort -committerdate --format %(refname)%00%(objectname)%00%(*objectname) [11ms]
2026-01-21 22:40:43.912 [info] > git status -z -uall [61ms]
2026-01-21 22:40:48.933 [info] > git config --get commit.template [7ms]
2026-01-21 22:40:48.935 [info] > git for-each-ref --format=%(refname)%00%(upstream:short)%00%(objectname)%00%(upstream:track)%00%(upstream:remotename)%00%(upstream:remoteref) refs/heads/main refs/remotes/main [3ms]
2026-01-21 22:40:48.967 [info] > git for-each-ref --sort -committerdate --format %(refname)%00%(objectname)%00%(*objectname) [10ms]
2026-01-21 22:40:48.999 [info] > git status -z -uall [57ms]
2026-01-21 22:40:54.024 [info] > git config --get commit.template [7ms]
2026-01-21 22:40:54.026 [info] > git for-each-ref --format=%(refname)%00%(upstream:short)%00%(objectname)%00%(upstream:track)%00%(upstream:remotename)%00%(upstream:remoteref) refs/heads/main refs/remotes/main [3ms]
2026-01-21 22:40:54.047 [info] > git for-each-ref --sort -committerdate --format %(refname)%00%(objectname)%00%(*objectname) [3ms]
2026-01-21 22:40:54.090 [info] > git status -z -uall [58ms]
2026-01-21 22:40:59.107 [info] > git config --get commit.template [2ms]
2026-01-21 22:40:59.115 [info] > git for-each-ref --format=%(refname)%00%(upstream:short)%00%(objectname)%00%(upstream:track)%00%(upstream:remotename)%00%(upstream:remoteref) refs/heads/main refs/remotes/main [2ms]
2026-01-21 22:40:59.138 [info] > git for-each-ref --sort -committerdate --format %(refname)%00%(objectname)%00%(*objectname) [7ms]
2026-01-21 22:40:59.182 [info] > git status -z -uall [61ms]
2026-01-21 22:41:04.207 [info] > git config --get commit.template [7ms]
2026-01-21 22:41:04.208 [info] > git for-each-ref --format=%(refname)%00%(upstream:short)%00%(objectname)%00%(upstream:track)%00%(upstream:remotename)%00%(upstream:remoteref) refs/heads/main refs/remotes/main [2ms]
2026-01-21 22:41:04.227 [info] > git for-each-ref --sort -committerdate --format %(refname)%00%(objectname)%00%(*objectname) [3ms]
2026-01-21 22:41:04.274 [info] > git status -z -uall [59ms]
2026-01-21 22:41:09.297 [info] > git config --get commit.template [7ms]
2026-01-21 22:41:09.299 [info] > git for-each-ref --format=%(refname)%00%(upstream:short)%00%(objectname)%00%(upstream:track)%00%(upstream:remotename)%00%(upstream:remoteref) refs/heads/main refs/remotes/main [3ms]
2026-01-21 22:41:09.323 [info] > git for-each-ref --sort -committerdate --format %(refname)%00%(objectname)%00%(*objectname) [2ms]
2026-01-21 22:41:09.362 [info] > git status -z -uall [57ms]
2026-01-21 22:41:14.388 [info] > git config --get commit.template [7ms]
2026-01-21 22:41:14.389 [info] > git for-each-ref --format=%(refname)%00%(upstream:short)%00%(objectname)%00%(upstream:track)%00%(upstream:remotename)%00%(upstream:remoteref) refs/heads/main refs/remotes/main [2ms]
2026-01-21 22:41:14.418 [info] > git for-each-ref --sort -committerdate --format %(refname)%00%(objectname)%00%(*objectname) [4ms]
2026-01-21 22:41:14.454 [info] > git status -z -uall [58ms]
2026-01-21 22:41:19.478 [info] > git config --get commit.template [7ms]
2026-01-21 22:41:19.480 [info] > git for-each-ref --format=%(refname)%00%(upstream:short)%00%(objectname)%00%(upstream:track)%00%(upstream:remotename)%00%(upstream:remoteref) refs/heads/main refs/remotes/main [3ms]
2026-01-21 22:41:19.503 [info] > git for-each-ref --sort -committerdate --format %(refname)%00%(objectname)%00%(*objectname) [10ms]
2026-01-21 22:41:19.544 [info] > git status -z -uall [58ms]
2026-01-21 22:41:24.568 [info] > git config --get commit.template [8ms]
2026-01-21 22:41:24.570 [info] > git for-each-ref --format=%(refname)%00%(upstream:short)%00%(objectname)%00%(upstream:track)%00%(upstream:remotename)%00%(upstream:remoteref) refs/heads/main refs/remotes/main [3ms]
2026-01-21 22:41:24.611 [info] > git for-each-ref --sort -committerdate --format %(refname)%00%(objectname)%00%(*objectname) [10ms]
2026-01-21 22:41:24.639 [info] > git status -z -uall [63ms]
2026-01-21 22:41:29.665 [info] > git config --get commit.template [9ms]
2026-01-21 22:41:29.666 [info] > git for-each-ref --format=%(refname)%00%(upstream:short)%00%(objectname)%00%(upstream:track)%00%(upstream:remotename)%00%(upstream:remoteref) refs/heads/main refs/remotes/main [3ms]
2026-01-21 22:41:29.709 [info] > git for-each-ref --sort -committerdate --format %(refname)%00%(objectname)%00%(*objectname) [1ms]
2026-01-21 22:41:29.742 [info] > git status -z -uall [67ms]
2026-01-21 22:41:34.770 [info] > git config --get commit.template [9ms]
2026-01-21 22:41:34.772 [info] > git for-each-ref --format=%(refname)%00%(upstream:short)%00%(objectname)%00%(upstream:track)%00%(upstream:remotename)%00%(upstream:remoteref) refs/heads/main refs/remotes/main [3ms]
2026-01-21 22:41:34.812 [info] > git for-each-ref --sort -committerdate --format %(refname)%00%(objectname)%00%(*objectname) [1ms]
2026-01-21 22:41:34.845 [info] > git status -z -uall [67ms]
2026-01-21 22:41:39.870 [info] > git config --get commit.template [7ms]
2026-01-21 22:41:39.872 [info] > git for-each-ref --format=%(refname)%00%(upstream:short)%00%(objectname)%00%(upstream:track)%00%(upstream:remotename)%00%(upstream:remoteref) refs/heads/main refs/remotes/main [3ms]
2026-01-21 22:41:39.893 [info] > git for-each-ref --sort -committerdate --format %(refname)%00%(objectname)%00%(*objectname) [4ms]
2026-01-21 22:41:39.935 [info] > git status -z -uall [57ms]
2026-01-21 22:41:44.959 [info] > git config --get commit.template [8ms]
2026-01-21 22:41:44.961 [info] > git for-each-ref --format=%(refname)%00%(upstream:short)%00%(objectname)%00%(upstream:track)%00%(upstream:remotename)%00%(upstream:remoteref) refs/heads/main refs/remotes/main [3ms]
2026-01-21 22:41:44.985 [info] > git for-each-ref --sort -committerdate --format %(refname)%00%(objectname)%00%(*objectname) [4ms]
2026-01-21 22:41:45.035 [info] > git status -z -uall [67ms]
2026-01-21 22:41:50.059 [info] > git config --get commit.template [9ms]
2026-01-21 22:41:50.061 [info] > git for-each-ref --format=%(refname)%00%(upstream:short)%00%(objectname)%00%(upstream:track)%00%(upstream:remotename)%00%(upstream:remoteref) refs/heads/main refs/remotes/main [4ms]
2026-01-21 22:41:50.087 [info] > git for-each-ref --sort -committerdate --format %(refname)%00%(objectname)%00%(*objectname) [9ms]
2026-01-21 22:41:50.130 [info] > git status -z -uall [63ms]
2026-01-21 22:41:55.152 [info] > git config --get commit.template [7ms]
2026-01-21 22:41:55.154 [info] > git for-each-ref --format=%(refname)%00%(upstream:short)%00%(objectname)%00%(upstream:track)%00%(upstream:remotename)%00%(upstream:remoteref) refs/heads/main refs/remotes/main [3ms]
2026-01-21 22:41:55.175 [info] > git for-each-ref --sort -committerdate --format %(refname)%00%(objectname)%00%(*objectname) [1ms]
2026-01-21 22:41:55.218 [info] > git status -z -uall [58ms]
2026-01-21 22:42:00.240 [info] > git config --get commit.template [7ms]
2026-01-21 22:42:00.243 [info] > git for-each-ref --format=%(refname)%00%(upstream:short)%00%(objectname)%00%(upstream:track)%00%(upstream:remotename)%00%(upstream:remoteref) refs/heads/main refs/remotes/main [4ms]
2026-01-21 22:42:00.269 [info] > git for-each-ref --sort -committerdate --format %(refname)%00%(objectname)%00%(*objectname) [10ms]
2026-01-21 22:42:00.315 [info] > git status -z -uall [66ms]
2026-01-21 22:42:05.341 [info] > git config --get commit.template [7ms]
2026-01-21 22:42:05.342 [info] > git for-each-ref --format=%(refname)%00%(upstream:short)%00%(objectname)%00%(upstream:track)%00%(upstream:remotename)%00%(upstream:remoteref) refs/heads/main refs/remotes/main [2ms]
2026-01-21 22:42:05.368 [info] > git for-each-ref --sort -committerdate --format %(refname)%00%(objectname)%00%(*objectname) [7ms]
2026-01-21 22:42:05.409 [info] > git status -z -uall [60ms]
2026-01-21 22:42:10.434 [info] > git config --get commit.template [7ms]
2026-01-21 22:42:10.436 [info] > git for-each-ref --format=%(refname)%00%(upstream:short)%00%(objectname)%00%(upstream:track)%00%(upstream:remotename)%00%(upstream:remoteref) refs/heads/main refs/remotes/main [3ms]
2026-01-21 22:42:10.468 [info] > git for-each-ref --sort -committerdate --format %(refname)%00%(objectname)%00%(*objectname) [13ms]
2026-01-21 22:42:10.504 [info] > git status -z -uall [61ms]
2026-01-21 22:42:15.531 [info] > git config --get commit.template [7ms]
2026-01-21 22:42:15.533 [info] > git for-each-ref --format=%(refname)%00%(upstream:short)%00%(objectname)%00%(upstream:track)%00%(upstream:remotename)%00%(upstream:remoteref) refs/heads/main refs/remotes/main [3ms]
2026-01-21 22:42:15.552 [info] > git for-each-ref --sort -committerdate --format %(refname)%00%(objectname)%00%(*objectname) [3ms]
2026-01-21 22:42:15.603 [info] > git status -z -uall [64ms]
2026-01-21 22:42:20.626 [info] > git config --get commit.template [7ms]
2026-01-21 22:42:20.628 [info] > git for-each-ref --format=%(refname)%00%(upstream:short)%00%(objectname)%00%(upstream:track)%00%(upstream:remotename)%00%(upstream:remoteref) refs/heads/main refs/remotes/main [3ms]
2026-01-21 22:42:20.653 [info] > git for-each-ref --sort -committerdate --format %(refname)%00%(objectname)%00%(*objectname) [3ms]
2026-01-21 22:42:20.690 [info] > git status -z -uall [55ms]
2026-01-21 22:42:25.713 [info] > git config --get commit.template [7ms]
2026-01-21 22:42:25.714 [info] > git for-each-ref --format=%(refname)%00%(upstream:short)%00%(objectname)%00%(upstream:track)%00%(upstream:remotename)%00%(upstream:remoteref) refs/heads/main refs/remotes/main [2ms]
2026-01-21 22:42:25.733 [info] > git for-each-ref --sort -committerdate --format %(refname)%00%(objectname)%00%(*objectname) [2ms]
2026-01-21 22:42:25.777 [info] > git status -z -uall [57ms]
2026-01-21 22:42:30.799 [info] > git config --get commit.template [6ms]
2026-01-21 22:42:30.801 [info] > git for-each-ref --format=%(refname)%00%(upstream:short)%00%(objectname)%00%(upstream:track)%00%(upstream:remotename)%00%(upstream:remoteref) refs/heads/main refs/remotes/main [2ms]
2026-01-21 22:42:30.834 [info] > git for-each-ref --sort -committerdate --format %(refname)%00%(objectname)%00%(*objectname) [17ms]
2026-01-21 22:42:30.862 [info] > git status -z -uall [55ms]
2026-01-21 22:42:35.883 [info] > git config --get commit.template [7ms]
2026-01-21 22:42:35.885 [info] > git for-each-ref --format=%(refname)%00%(upstream:short)%00%(objectname)%00%(upstream:track)%00%(upstream:remotename)%00%(upstream:remoteref) refs/heads/main refs/remotes/main [3ms]
2026-01-21 22:42:35.917 [info] > git for-each-ref --sort -committerdate --format %(refname)%00%(objectname)%00%(*objectname) [13ms]
2026-01-21 22:42:35.955 [info] > git status -z -uall [64ms]
2026-01-21 22:42:40.979 [info] > git config --get commit.template [7ms]
2026-01-21 22:42:40.980 [info] > git for-each-ref --format=%(refname)%00%(upstream:short)%00%(objectname)%00%(upstream:track)%00%(upstream:remotename)%00%(upstream:remoteref) refs/heads/main refs/remotes/main [2ms]
2026-01-21 22:42:41.016 [info] > git for-each-ref --sort -committerdate --format %(refname)%00%(objectname)%00%(*objectname) [21ms]
2026-01-21 22:42:41.049 [info] > git status -z -uall [63ms]
2026-01-21 22:42:46.069 [info] > git config --get commit.template [3ms]
2026-01-21 22:42:46.080 [info] > git for-each-ref --format=%(refname)%00%(upstream:short)%00%(objectname)%00%(upstream:track)%00%(upstream:remotename)%00%(upstream:remoteref) refs/heads/main refs/remotes/main [3ms]
2026-01-21 22:42:46.112 [info] > git for-each-ref --sort -committerdate --format %(refname)%00%(objectname)%00%(*objectname) [11ms]
2026-01-21 22:42:46.168 [info] > git status -z -uall [78ms]
2026-01-21 22:42:51.192 [info] > git config --get commit.template [6ms]
2026-01-21 22:42:51.194 [info] > git for-each-ref --format=%(refname)%00%(upstream:short)%00%(objectname)%00%(upstream:track)%00%(upstream:remotename)%00%(upstream:remoteref) refs/heads/main refs/remotes/main [2ms]
2026-01-21 22:42:51.216 [info] > git for-each-ref --sort -committerdate --format %(refname)%00%(objectname)%00%(*objectname) [8ms]
2026-01-21 22:42:51.256 [info] > git status -z -uall [56ms]
2026-01-21 22:42:56.276 [info] > git config --get commit.template [2ms]
2026-01-21 22:42:56.284 [info] > git for-each-ref --format=%(refname)%00%(upstream:short)%00%(objectname)%00%(upstream:track)%00%(upstream:remotename)%00%(upstream:remoteref) refs/heads/main refs/remotes/main [2ms]
2026-01-21 22:42:56.308 [info] > git for-each-ref --sort -committerdate --format %(refname)%00%(objectname)%00%(*objectname) [4ms]
2026-01-21 22:42:56.352 [info] > git status -z -uall [62ms]
2026-01-21 22:43:01.378 [info] > git config --get commit.template [10ms]
2026-01-21 22:43:01.381 [info] > git for-each-ref --format=%(refname)%00%(upstream:short)%00%(objectname)%00%(upstream:track)%00%(upstream:remotename)%00%(upstream:remoteref) refs/heads/main refs/remotes/main [5ms]
2026-01-21 22:43:01.405 [info] > git for-each-ref --sort -committerdate --format %(refname)%00%(objectname)%00%(*objectname) [3ms]
2026-01-21 22:43:01.455 [info] > git status -z -uall [67ms]
2026-01-21 22:43:06.475 [info] > git config --get commit.template [3ms]
2026-01-21 22:43:06.483 [info] > git for-each-ref --format=%(refname)%00%(upstream:short)%00%(objectname)%00%(upstream:track)%00%(upstream:remotename)%00%(upstream:remoteref) refs/heads/main refs/remotes/main [3ms]
2026-01-21 22:43:06.516 [info] > git for-each-ref --sort -committerdate --format %(refname)%00%(objectname)%00%(*objectname) [14ms]
2026-01-21 22:43:06.571 [info] > git status -z -uall [78ms]
2026-01-21 22:43:11.599 [info] > git config --get commit.template [7ms]
2026-01-21 22:43:11.600 [info] > git for-each-ref --format=%(refname)%00%(upstream:short)%00%(objectname)%00%(upstream:track)%00%(upstream:remotename)%00%(upstream:remoteref) refs/heads/main refs/remotes/main [2ms]
2026-01-21 22:43:11.623 [info] > git for-each-ref --sort -committerdate --format %(refname)%00%(objectname)%00%(*objectname) [5ms]
2026-01-21 22:43:11.679 [info] > git status -z -uall [73ms]
2026-01-21 22:43:16.703 [info] > git config --get commit.template [8ms]
2026-01-21 22:43:16.705 [info] > git for-each-ref --format=%(refname)%00%(upstream:short)%00%(objectname)%00%(upstream:track)%00%(upstream:remotename)%00%(upstream:remoteref) refs/heads/main refs/remotes/main [3ms]
2026-01-21 22:43:16.729 [info] > git for-each-ref --sort -committerdate --format %(refname)%00%(objectname)%00%(*objectname) [3ms]
2026-01-21 22:43:16.776 [info] > git status -z -uall [65ms]
2026-01-21 22:43:21.806 [info] > git config --get commit.template [6ms]
2026-01-21 22:43:21.809 [info] > git for-each-ref --format=%(refname)%00%(upstream:short)%00%(objectname)%00%(upstream:track)%00%(upstream:remotename)%00%(upstream:remoteref) refs/heads/main refs/remotes/main [4ms]
2026-01-21 22:43:21.832 [info] > git for-each-ref --sort -committerdate --format %(refname)%00%(objectname)%00%(*objectname) [5ms]
2026-01-21 22:43:21.877 [info] > git status -z -uall [61ms]
2026-01-21 22:43:26.902 [info] > git config --get commit.template [8ms]
2026-01-21 22:43:26.904 [info] > git for-each-ref --format=%(refname)%00%(upstream:short)%00%(objectname)%00%(upstream:track)%00%(upstream:remotename)%00%(upstream:remoteref) refs/heads/main refs/remotes/main [4ms]
2026-01-21 22:43:26.925 [info] > git for-each-ref --sort -committerdate --format %(refname)%00%(objectname)%00%(*objectname) [2ms]
2026-01-21 22:43:26.974 [info] > git status -z -uall [64ms]
2026-01-21 22:43:31.998 [info] > git config --get commit.template [7ms]
2026-01-21 22:43:31.999 [info] > git for-each-ref --format=%(refname)%00%(upstream:short)%00%(objectname)%00%(upstream:track)%00%(upstream:remotename)%00%(upstream:remoteref) refs/heads/main refs/remotes/main [2ms]
2026-01-21 22:43:32.025 [info] > git for-each-ref --sort -committerdate --format %(refname)%00%(objectname)%00%(*objectname) [11ms]
2026-01-21 22:43:32.064 [info] > git status -z -uall [59ms]
2026-01-21 22:43:37.088 [info] > git config --get commit.template [7ms]
2026-01-21 22:43:37.090 [info] > git for-each-ref --format=%(refname)%00%(upstream:short)%00%(objectname)%00%(upstream:track)%00%(upstream:remotename)%00%(upstream:remoteref) refs/heads/main refs/remotes/main [3ms]
2026-01-21 22:43:37.132 [info] > git for-each-ref --sort -committerdate --format %(refname)%00%(objectname)%00%(*objectname) [5ms]
2026-01-21 22:43:37.159 [info] > git status -z -uall [62ms]
2026-01-21 22:43:42.182 [info] > git config --get commit.template [4ms]
2026-01-21 22:43:42.191 [info] > git for-each-ref --format=%(refname)%00%(upstream:short)%00%(objectname)%00%(upstream:track)%00%(upstream:remotename)%00%(upstream:remoteref) refs/heads/main refs/remotes/main [2ms]
2026-01-21 22:43:42.239 [info] > git for-each-ref --sort -committerdate --format %(refname)%00%(objectname)%00%(*objectname) [2ms]
2026-01-21 22:43:42.285 [info] > git status -z -uall [85ms]
2026-01-21 22:43:47.313 [info] > git config --get commit.template [9ms]
2026-01-21 22:43:47.315 [info] > git for-each-ref --format=%(refname)%00%(upstream:short)%00%(objectname)%00%(upstream:track)%00%(upstream:remotename)%00%(upstream:remoteref) refs/heads/main refs/remotes/main [3ms]
2026-01-21 22:43:47.353 [info] > git for-each-ref --sort -committerdate --format %(refname)%00%(objectname)%00%(*objectname) [5ms]
2026-01-21 22:43:47.380 [info] > git status -z -uall [58ms]
2026-01-21 22:43:52.404 [info] > git config --get commit.template [7ms]
2026-01-21 22:43:52.406 [info] > git for-each-ref --format=%(refname)%00%(upstream:short)%00%(objectname)%00%(upstream:track)%00%(upstream:remotename)%00%(upstream:remoteref) refs/heads/main refs/remotes/main [3ms]
2026-01-21 22:43:52.439 [info] > git for-each-ref --sort -committerdate --format %(refname)%00%(objectname)%00%(*objectname) [2ms]
2026-01-21 22:43:52.470 [info] > git status -z -uall [58ms]
2026-01-21 22:43:57.508 [info] > git config --get commit.template [15ms]
2026-01-21 22:43:57.511 [info] > git for-each-ref --format=%(refname)%00%(upstream:short)%00%(objectname)%00%(upstream:track)%00%(upstream:remotename)%00%(upstream:remoteref) refs/heads/main refs/remotes/main [5ms]
2026-01-21 22:43:57.572 [info] > git for-each-ref --sort -committerdate --format %(refname)%00%(objectname)%00%(*objectname) [16ms]
2026-01-21 22:43:57.629 [info] > git status -z -uall [103ms]
2026-01-21 22:44:02.659 [info] > git config --get commit.template [8ms]
2026-01-21 22:44:02.661 [info] > git for-each-ref --format=%(refname)%00%(upstream:short)%00%(objectname)%00%(upstream:track)%00%(upstream:remotename)%00%(upstream:remoteref) refs/heads/main refs/remotes/main [3ms]
2026-01-21 22:44:02.697 [info] > git for-each-ref --sort -committerdate --format %(refname)%00%(objectname)%00%(*objectname) [6ms]
2026-01-21 22:44:02.729 [info] > git status -z -uall [60ms]
2026-01-21 22:44:07.755 [info] > git config --get commit.template [8ms]
2026-01-21 22:44:07.757 [info] > git for-each-ref --format=%(refname)%00%(upstream:short)%00%(objectname)%00%(upstream:track)%00%(upstream:remotename)%00%(upstream:remoteref) refs/heads/main refs/remotes/main [4ms]
2026-01-21 22:44:07.787 [info] > git for-each-ref --sort -committerdate --format %(refname)%00%(objectname)%00%(*objectname) [3ms]
2026-01-21 22:44:07.822 [info] > git status -z -uall [59ms]
2026-01-21 22:44:12.846 [info] > git config --get commit.template [8ms]
2026-01-21 22:44:12.848 [info] > git for-each-ref --format=%(refname)%00%(upstream:short)%00%(objectname)%00%(upstream:track)%00%(upstream:remotename)%00%(upstream:remoteref) refs/heads/main refs/remotes/main [2ms]
2026-01-21 22:44:12.889 [info] > git for-each-ref --sort -committerdate --format %(refname)%00%(objectname)%00%(*objectname) [15ms]
2026-01-21 22:44:12.933 [info] > git status -z -uall [72ms]
2026-01-21 22:44:17.956 [info] > git config --get commit.template [8ms]
2026-01-21 22:44:17.958 [info] > git for-each-ref --format=%(refname)%00%(upstream:short)%00%(objectname)%00%(upstream:track)%00%(upstream:remotename)%00%(upstream:remoteref) refs/heads/main refs/remotes/main [3ms]
2026-01-21 22:44:17.981 [info] > git for-each-ref --sort -committerdate --format %(refname)%00%(objectname)%00%(*objectname) [1ms]
2026-01-21 22:44:18.021 [info] > git status -z -uall [57ms]
2026-01-21 22:44:23.044 [info] > git config --get commit.template [7ms]
2026-01-21 22:44:23.046 [info] > git for-each-ref --format=%(refname)%00%(upstream:short)%00%(objectname)%00%(upstream:track)%00%(upstream:remotename)%00%(upstream:remoteref) refs/heads/main refs/remotes/main [3ms]
2026-01-21 22:44:23.068 [info] > git for-each-ref --sort -committerdate --format %(refname)%00%(objectname)%00%(*objectname) [3ms]
2026-01-21 22:44:23.110 [info] > git status -z -uall [58ms]
2026-01-21 22:44:28.162 [info] > git config --get commit.template [26ms]
2026-01-21 22:44:28.163 [info] > git for-each-ref --format=%(refname)%00%(upstream:short)%00%(objectname)%00%(upstream:track)%00%(upstream:remotename)%00%(upstream:remoteref) refs/heads/main refs/remotes/main [2ms]
2026-01-21 22:44:28.201 [info] > git for-each-ref --sort -committerdate --format %(refname)%00%(objectname)%00%(*objectname) [4ms]
2026-01-21 22:44:28.316 [info] > git status -z -uall [144ms]
2026-01-21 22:44:33.343 [info] > git config --get commit.template [7ms]
2026-01-21 22:44:33.345 [info] > git for-each-ref --format=%(refname)%00%(upstream:short)%00%(objectname)%00%(upstream:track)%00%(upstream:remotename)%00%(upstream:remoteref) refs/heads/main refs/remotes/main [3ms]
2026-01-21 22:44:33.374 [info] > git for-each-ref --sort -committerdate --format %(refname)%00%(objectname)%00%(*objectname) [1ms]
2026-01-21 22:44:33.409 [info] > git status -z -uall [58ms]
2026-01-21 22:44:38.430 [info] > git config --get commit.template [3ms]
2026-01-21 22:44:38.439 [info] > git for-each-ref --format=%(refname)%00%(upstream:short)%00%(objectname)%00%(upstream:track)%00%(upstream:remotename)%00%(upstream:remoteref) refs/heads/main refs/remotes/main [3ms]
2026-01-21 22:44:38.474 [info] > git for-each-ref --sort -committerdate --format %(refname)%00%(objectname)%00%(*objectname) [1ms]
2026-01-21 22:44:38.504 [info] > git status -z -uall [59ms]
2026-01-21 22:44:43.531 [info] > git config --get commit.template [8ms]
2026-01-21 22:44:43.532 [info] > git for-each-ref --format=%(refname)%00%(upstream:short)%00%(objectname)%00%(upstream:track)%00%(upstream:remotename)%00%(upstream:remoteref) refs/heads/main refs/remotes/main [2ms]
2026-01-21 22:44:43.557 [info] > git for-each-ref --sort -committerdate --format %(refname)%00%(objectname)%00%(*objectname) [6ms]
2026-01-21 22:44:43.600 [info] > git status -z -uall [62ms]
2026-01-21 22:44:48.624 [info] > git config --get commit.template [7ms]
2026-01-21 22:44:48.626 [info] > git for-each-ref --format=%(refname)%00%(upstream:short)%00%(objectname)%00%(upstream:track)%00%(upstream:remotename)%00%(upstream:remoteref) refs/heads/main refs/remotes/main [3ms]
2026-01-21 22:44:48.676 [info] > git for-each-ref --sort -committerdate --format %(refname)%00%(objectname)%00%(*objectname) [9ms]
2026-01-21 22:44:48.700 [info] > git status -z -uall [68ms]
2026-01-21 22:44:53.722 [info] > git config --get commit.template [4ms]
2026-01-21 22:44:53.731 [info] > git for-each-ref --format=%(refname)%00%(upstream:short)%00%(objectname)%00%(upstream:track)%00%(upstream:remotename)%00%(upstream:remoteref) refs/heads/main refs/remotes/main [3ms]
2026-01-21 22:44:53.778 [info] > git for-each-ref --sort -committerdate --format %(refname)%00%(objectname)%00%(*objectname) [28ms]
2026-01-21 22:44:53.814 [info] > git status -z -uall [76ms]
2026-01-21 22:44:58.838 [info] > git config --get commit.template [7ms]
2026-01-21 22:44:58.840 [info] > git for-each-ref --format=%(refname)%00%(upstream:short)%00%(objectname)%00%(upstream:track)%00%(upstream:remotename)%00%(upstream:remoteref) refs/heads/main refs/remotes/main [3ms]
2026-01-21 22:44:58.865 [info] > git for-each-ref --sort -committerdate --format %(refname)%00%(objectname)%00%(*objectname) [1ms]
2026-01-21 22:44:58.904 [info] > git status -z -uall [58ms]
2026-01-21 22:45:03.927 [info] > git config --get commit.template [7ms]
2026-01-21 22:45:03.929 [info] > git for-each-ref --format=%(refname)%00%(upstream:short)%00%(objectname)%00%(upstream:track)%00%(upstream:remotename)%00%(upstream:remoteref) refs/heads/main refs/remotes/main [3ms]
2026-01-21 22:45:03.958 [info] > git for-each-ref --sort -committerdate --format %(refname)%00%(objectname)%00%(*objectname) [4ms]
2026-01-21 22:45:03.990 [info] > git status -z -uall [55ms]
2026-01-21 22:45:09.020 [info] > git config --get commit.template [7ms]
2026-01-21 22:45:09.023 [info] > git for-each-ref --format=%(refname)%00%(upstream:short)%00%(objectname)%00%(upstream:track)%00%(upstream:remotename)%00%(upstream:remoteref) refs/heads/main refs/remotes/main [4ms]
2026-01-21 22:45:09.060 [info] > git for-each-ref --sort -committerdate --format %(refname)%00%(objectname)%00%(*objectname) [9ms]
2026-01-21 22:45:09.100 [info] > git status -z -uall [71ms]
2026-01-21 22:45:14.126 [info] > git config --get commit.template [8ms]
2026-01-21 22:45:14.128 [info] > git for-each-ref --format=%(refname)%00%(upstream:short)%00%(objectname)%00%(upstream:track)%00%(upstream:remotename)%00%(upstream:remoteref) refs/heads/main refs/remotes/main [3ms]
2026-01-21 22:45:14.164 [info] > git for-each-ref --sort -committerdate --format %(refname)%00%(objectname)%00%(*objectname) [5ms]
2026-01-21 22:45:14.198 [info] > git status -z -uall [62ms]
2026-01-21 22:45:19.222 [info] > git config --get commit.template [7ms]
2026-01-21 22:45:19.224 [info] > git for-each-ref --format=%(refname)%00%(upstream:short)%00%(objectname)%00%(upstream:track)%00%(upstream:remotename)%00%(upstream:remoteref) refs/heads/main refs/remotes/main [3ms]
2026-01-21 22:45:19.264 [info] > git for-each-ref --sort -committerdate --format %(refname)%00%(objectname)%00%(*objectname) [4ms]
2026-01-21 22:45:19.288 [info] > git status -z -uall [58ms]
2026-01-21 22:45:24.314 [info] > git config --get commit.template [8ms]
2026-01-21 22:45:24.316 [info] > git for-each-ref --format=%(refname)%00%(upstream:short)%00%(objectname)%00%(upstream:track)%00%(upstream:remotename)%00%(upstream:remoteref) refs/heads/main refs/remotes/main [3ms]
2026-01-21 22:45:24.340 [info] > git for-each-ref --sort -committerdate --format %(refname)%00%(objectname)%00%(*objectname) [4ms]
2026-01-21 22:45:24.377 [info] > git status -z -uall [55ms]
2026-01-21 22:45:29.401 [info] > git config --get commit.template [7ms]
2026-01-21 22:45:29.403 [info] > git for-each-ref --format=%(refname)%00%(upstream:short)%00%(objectname)%00%(upstream:track)%00%(upstream:remotename)%00%(upstream:remoteref) refs/heads/main refs/remotes/main [3ms]
2026-01-21 22:45:29.424 [info] > git for-each-ref --sort -committerdate --format %(refname)%00%(objectname)%00%(*objectname) [8ms]
2026-01-21 22:45:29.464 [info] > git status -z -uall [55ms]
2026-01-21 22:45:34.486 [info] > git config --get commit.template [7ms]
2026-01-21 22:45:34.487 [info] > git for-each-ref --format=%(refname)%00%(upstream:short)%00%(objectname)%00%(upstream:track)%00%(upstream:remotename)%00%(upstream:remoteref) refs/heads/main refs/remotes/main [2ms]
2026-01-21 22:45:34.512 [info] > git for-each-ref --sort -committerdate --format %(refname)%00%(objectname)%00%(*objectname) [1ms]
2026-01-21 22:45:34.553 [info] > git status -z -uall [60ms]
2026-01-21 22:45:39.572 [info] > git config --get commit.template [2ms]
2026-01-21 22:45:39.581 [info] > git for-each-ref --format=%(refname)%00%(upstream:short)%00%(objectname)%00%(upstream:track)%00%(upstream:remotename)%00%(upstream:remoteref) refs/heads/main refs/remotes/main [3ms]
2026-01-21 22:45:39.613 [info] > git for-each-ref --sort -committerdate --format %(refname)%00%(objectname)%00%(*objectname) [9ms]
2026-01-21 22:45:39.644 [info] > git status -z -uall [56ms]
2026-01-21 22:45:44.669 [info] > git config --get commit.template [7ms]
2026-01-21 22:45:44.670 [info] > git for-each-ref --format=%(refname)%00%(upstream:short)%00%(objectname)%00%(upstream:track)%00%(upstream:remotename)%00%(upstream:remoteref) refs/heads/main refs/remotes/main [2ms]
2026-01-21 22:45:44.701 [info] > git for-each-ref --sort -committerdate --format %(refname)%00%(objectname)%00%(*objectname) [3ms]
2026-01-21 22:45:44.732 [info] > git status -z -uall [55ms]
2026-01-21 22:45:49.753 [info] > git config --get commit.template [7ms]
2026-01-21 22:45:49.755 [info] > git for-each-ref --format=%(refname)%00%(upstream:short)%00%(objectname)%00%(upstream:track)%00%(upstream:remotename)%00%(upstream:remoteref) refs/heads/main refs/remotes/main [3ms]
2026-01-21 22:45:49.795 [info] > git for-each-ref --sort -committerdate --format %(refname)%00%(objectname)%00%(*objectname) [25ms]
2026-01-21 22:45:49.834 [info] > git status -z -uall [72ms]
2026-01-21 22:45:54.858 [info] > git config --get commit.template [7ms]
2026-01-21 22:45:54.860 [info] > git for-each-ref --format=%(refname)%00%(upstream:short)%00%(objectname)%00%(upstream:track)%00%(upstream:remotename)%00%(upstream:remoteref) refs/heads/main refs/remotes/main [3ms]
2026-01-21 22:45:54.891 [info] > git for-each-ref --sort -committerdate --format %(refname)%00%(objectname)%00%(*objectname) [4ms]
2026-01-21 22:45:54.920 [info] > git status -z -uall [55ms]
2026-01-21 22:45:59.946 [info] > git for-each-ref --format=%(refname)%00%(upstream:short)%00%(objectname)%00%(upstream:track)%00%(upstream:remotename)%00%(upstream:remoteref) refs/heads/main refs/remotes/main [3ms]
2026-01-21 22:45:59.947 [info] > git config --get commit.template [10ms]
2026-01-21 22:45:59.968 [info] > git for-each-ref --sort -committerdate --format %(refname)%00%(objectname)%00%(*objectname) [5ms]
2026-01-21 22:46:00.027 [info] > git status -z -uall [73ms]
2026-01-21 22:46:05.049 [info] > git config --get commit.template [7ms]
2026-01-21 22:46:05.051 [info] > git for-each-ref --format=%(refname)%00%(upstream:short)%00%(objectname)%00%(upstream:track)%00%(upstream:remotename)%00%(upstream:remoteref) refs/heads/main refs/remotes/main [3ms]
2026-01-21 22:46:05.084 [info] > git for-each-ref --sort -committerdate --format %(refname)%00%(objectname)%00%(*objectname) [20ms]
2026-01-21 22:46:05.112 [info] > git status -z -uall [55ms]
2026-01-21 22:46:10.143 [info] > git config --get commit.template [6ms]
2026-01-21 22:46:10.158 [info] > git for-each-ref --format=%(refname)%00%(upstream:short)%00%(objectname)%00%(upstream:track)%00%(upstream:remotename)%00%(upstream:remoteref) refs/heads/main refs/remotes/main [4ms]
2026-01-21 22:46:10.218 [info] > git for-each-ref --sort -committerdate --format %(refname)%00%(objectname)%00%(*objectname) [4ms]
2026-01-21 22:46:10.245 [info] > git status -z -uall [74ms]
2026-01-21 22:46:15.269 [info] > git config --get commit.template [6ms]
2026-01-21 22:46:15.270 [info] > git for-each-ref --format=%(refname)%00%(upstream:short)%00%(objectname)%00%(upstream:track)%00%(upstream:remotename)%00%(upstream:remoteref) refs/heads/main refs/remotes/main [2ms]
2026-01-21 22:46:15.293 [info] > git for-each-ref --sort -committerdate --format %(refname)%00%(objectname)%00%(*objectname) [1ms]
2026-01-21 22:46:15.333 [info] > git status -z -uall [57ms]
2026-01-21 22:46:20.358 [info] > git config --get commit.template [7ms]
2026-01-21 22:46:20.360 [info] > git for-each-ref --format=%(refname)%00%(upstream:short)%00%(objectname)%00%(upstream:track)%00%(upstream:remotename)%00%(upstream:remoteref) refs/heads/main refs/remotes/main [3ms]
2026-01-21 22:46:20.391 [info] > git for-each-ref --sort -committerdate --format %(refname)%00%(objectname)%00%(*objectname) [18ms]
2026-01-21 22:46:20.419 [info] > git status -z -uall [53ms]
2026-01-21 22:46:25.441 [info] > git config --get commit.template [6ms]
2026-01-21 22:46:25.443 [info] > git for-each-ref --format=%(refname)%00%(upstream:short)%00%(objectname)%00%(upstream:track)%00%(upstream:remotename)%00%(upstream:remoteref) refs/heads/main refs/remotes/main [2ms]
2026-01-21 22:46:25.468 [info] > git for-each-ref --sort -committerdate --format %(refname)%00%(objectname)%00%(*objectname) [11ms]
2026-01-21 22:46:25.507 [info] > git status -z -uall [58ms]
2026-01-21 22:46:30.532 [info] > git config --get commit.template [7ms]
2026-01-21 22:46:30.533 [info] > git for-each-ref --format=%(refname)%00%(upstream:short)%00%(objectname)%00%(upstream:track)%00%(upstream:remotename)%00%(upstream:remoteref) refs/heads/main refs/remotes/main [3ms]
2026-01-21 22:46:30.557 [info] > git for-each-ref --sort -committerdate --format %(refname)%00%(objectname)%00%(*objectname) [9ms]
2026-01-21 22:46:30.612 [info] > git status -z -uall [73ms]
2026-01-21 22:46:35.634 [info] > git config --get commit.template [7ms]
2026-01-21 22:46:35.639 [info] > git for-each-ref --format=%(refname)%00%(upstream:short)%00%(objectname)%00%(upstream:track)%00%(upstream:remotename)%00%(upstream:remoteref) refs/heads/main refs/remotes/main [6ms]
2026-01-21 22:46:35.671 [info] > git for-each-ref --sort -committerdate --format %(refname)%00%(objectname)%00%(*objectname) [16ms]
2026-01-21 22:46:35.720 [info] > git status -z -uall [75ms]
2026-01-21 22:46:40.743 [info] > git config --get commit.template [7ms]
2026-01-21 22:46:40.745 [info] > git for-each-ref --format=%(refname)%00%(upstream:short)%00%(objectname)%00%(upstream:track)%00%(upstream:remotename)%00%(upstream:remoteref) refs/heads/main refs/remotes/main [3ms]
2026-01-21 22:46:40.769 [info] > git for-each-ref --sort -committerdate --format %(refname)%00%(objectname)%00%(*objectname) [5ms]
2026-01-21 22:46:40.811 [info] > git status -z -uall [60ms]
2026-01-21 22:46:45.841 [info] > git config --get commit.template [7ms]
2026-01-21 22:46:45.842 [info] > git for-each-ref --format=%(refname)%00%(upstream:short)%00%(objectname)%00%(upstream:track)%00%(upstream:remotename)%00%(upstream:remoteref) refs/heads/main refs/remotes/main [2ms]
2026-01-21 22:46:45.869 [info] > git for-each-ref --sort -committerdate --format %(refname)%00%(objectname)%00%(*objectname) [6ms]
2026-01-21 22:46:45.906 [info] > git status -z -uall [58ms]
2026-01-21 22:46:50.930 [info] > git config --get commit.template [8ms]
2026-01-21 22:46:50.931 [info] > git for-each-ref --format=%(refname)%00%(upstream:short)%00%(objectname)%00%(upstream:track)%00%(upstream:remotename)%00%(upstream:remoteref) refs/heads/main refs/remotes/main [2ms]
2026-01-21 22:46:50.950 [info] > git for-each-ref --sort -committerdate --format %(refname)%00%(objectname)%00%(*objectname) [6ms]
2026-01-21 22:46:50.994 [info] > git status -z -uall [57ms]
2026-01-21 22:46:56.018 [info] > git config --get commit.template [9ms]
2026-01-21 22:46:56.020 [info] > git for-each-ref --format=%(refname)%00%(upstream:short)%00%(objectname)%00%(upstream:track)%00%(upstream:remotename)%00%(upstream:remoteref) refs/heads/main refs/remotes/main [4ms]
2026-01-21 22:46:56.048 [info] > git for-each-ref --sort -committerdate --format %(refname)%00%(objectname)%00%(*objectname) [10ms]
2026-01-21 22:46:56.105 [info] > git status -z -uall [79ms]
2026-01-21 22:47:01.130 [info] > git config --get commit.template [8ms]
2026-01-21 22:47:01.131 [info] > git for-each-ref --format=%(refname)%00%(upstream:short)%00%(objectname)%00%(upstream:track)%00%(upstream:remotename)%00%(upstream:remoteref) refs/heads/main refs/remotes/main [3ms]
2026-01-21 22:47:01.165 [info] > git for-each-ref --sort -committerdate --format %(refname)%00%(objectname)%00%(*objectname) [3ms]
2026-01-21 22:47:01.196 [info] > git status -z -uall [59ms]
2026-01-21 22:47:06.220 [info] > git config --get commit.template [8ms]
2026-01-21 22:47:06.222 [info] > git for-each-ref --format=%(refname)%00%(upstream:short)%00%(objectname)%00%(upstream:track)%00%(upstream:remotename)%00%(upstream:remoteref) refs/heads/main refs/remotes/main [3ms]
2026-01-21 22:47:06.259 [info] > git for-each-ref --sort -committerdate --format %(refname)%00%(objectname)%00%(*objectname) [6ms]
2026-01-21 22:47:06.287 [info] > git status -z -uall [60ms]
2026-01-21 22:47:11.305 [info] > git config --get commit.template [2ms]
2026-01-21 22:47:11.314 [info] > git for-each-ref --format=%(refname)%00%(upstream:short)%00%(objectname)%00%(upstream:track)%00%(upstream:remotename)%00%(upstream:remoteref) refs/heads/main refs/remotes/main [3ms]
2026-01-21 22:47:11.340 [info] > git for-each-ref --sort -committerdate --format %(refname)%00%(objectname)%00%(*objectname) [10ms]
2026-01-21 22:47:11.378 [info] > git status -z -uall [58ms]
2026-01-21 22:47:16.401 [info] > git config --get commit.template [7ms]
2026-01-21 22:47:16.404 [info] > git for-each-ref --format=%(refname)%00%(upstream:short)%00%(objectname)%00%(upstream:track)%00%(upstream:remotename)%00%(upstream:remoteref) refs/heads/main refs/remotes/main [4ms]
2026-01-21 22:47:16.426 [info] > git for-each-ref --sort -committerdate --format %(refname)%00%(objectname)%00%(*objectname) [2ms]
2026-01-21 22:47:16.468 [info] > git status -z -uall [58ms]
2026-01-21 22:47:21.491 [info] > git config --get commit.template [7ms]
2026-01-21 22:47:21.493 [info] > git for-each-ref --format=%(refname)%00%(upstream:short)%00%(objectname)%00%(upstream:track)%00%(upstream:remotename)%00%(upstream:remoteref) refs/heads/main refs/remotes/main [3ms]
2026-01-21 22:47:21.529 [info] > git for-each-ref --sort -committerdate --format %(refname)%00%(objectname)%00%(*objectname) [5ms]
2026-01-21 22:47:21.559 [info] > git status -z -uall [60ms]
2026-01-21 22:47:26.583 [info] > git config --get commit.template [7ms]
2026-01-21 22:47:26.585 [info] > git for-each-ref --format=%(refname)%00%(upstream:short)%00%(objectname)%00%(upstream:track)%00%(upstream:remotename)%00%(upstream:remoteref) refs/heads/main refs/remotes/main [3ms]
2026-01-21 22:47:26.608 [info] > git for-each-ref --sort -committerdate --format %(refname)%00%(objectname)%00%(*objectname) [6ms]
2026-01-21 22:47:26.653 [info] > git status -z -uall [62ms]
2026-01-21 22:47:31.678 [info] > git config --get commit.template [9ms]
2026-01-21 22:47:31.679 [info] > git for-each-ref --format=%(refname)%00%(upstream:short)%00%(objectname)%00%(upstream:track)%00%(upstream:remotename)%00%(upstream:remoteref) refs/heads/main refs/remotes/main [4ms]
2026-01-21 22:47:31.705 [info] > git for-each-ref --sort -committerdate --format %(refname)%00%(objectname)%00%(*objectname) [1ms]
2026-01-21 22:47:31.746 [info] > git status -z -uall [61ms]
2026-01-21 22:47:36.774 [info] > git config --get commit.template [8ms]
2026-01-21 22:47:36.776 [info] > git for-each-ref --format=%(refname)%00%(upstream:short)%00%(objectname)%00%(upstream:track)%00%(upstream:remotename)%00%(upstream:remoteref) refs/heads/main refs/remotes/main [3ms]
2026-01-21 22:47:36.798 [info] > git for-each-ref --sort -committerdate --format %(refname)%00%(objectname)%00%(*objectname) [6ms]
2026-01-21 22:47:36.843 [info] > git status -z -uall [61ms]
2026-01-21 22:47:41.866 [info] > git config --get commit.template [7ms]
2026-01-21 22:47:41.868 [info] > git for-each-ref --format=%(refname)%00%(upstream:short)%00%(objectname)%00%(upstream:track)%00%(upstream:remotename)%00%(upstream:remoteref) refs/heads/main refs/remotes/main [2ms]
2026-01-21 22:47:41.898 [info] > git for-each-ref --sort -committerdate --format %(refname)%00%(objectname)%00%(*objectname) [12ms]
2026-01-21 22:47:41.938 [info] > git status -z -uall [64ms]
2026-01-21 22:47:46.963 [info] > git config --get commit.template [7ms]
2026-01-21 22:47:46.965 [info] > git for-each-ref --format=%(refname)%00%(upstream:short)%00%(objectname)%00%(upstream:track)%00%(upstream:remotename)%00%(upstream:remoteref) refs/heads/main refs/remotes/main [3ms]
2026-01-21 22:47:46.988 [info] > git for-each-ref --sort -committerdate --format %(refname)%00%(objectname)%00%(*objectname) [7ms]
2026-01-21 22:47:47.030 [info] > git status -z -uall [59ms]
2026-01-21 22:47:52.056 [info] > git config --get commit.template [7ms]
2026-01-21 22:47:52.058 [info] > git for-each-ref --format=%(refname)%00%(upstream:short)%00%(objectname)%00%(upstream:track)%00%(upstream:remotename)%00%(upstream:remoteref) refs/heads/main refs/remotes/main [3ms]
2026-01-21 22:47:52.084 [info] > git for-each-ref --sort -committerdate --format %(refname)%00%(objectname)%00%(*objectname) [3ms]
2026-01-21 22:47:52.142 [info] > git status -z -uall [76ms]
2026-01-21 22:47:57.168 [info] > git config --get commit.template [6ms]
2026-01-21 22:47:57.170 [info] > git for-each-ref --format=%(refname)%00%(upstream:short)%00%(objectname)%00%(upstream:track)%00%(upstream:remotename)%00%(upstream:remoteref) refs/heads/main refs/remotes/main [3ms]
2026-01-21 22:47:57.191 [info] > git for-each-ref --sort -committerdate --format %(refname)%00%(objectname)%00%(*objectname) [8ms]
2026-01-21 22:47:57.245 [info] > git status -z -uall [69ms]
2026-01-21 22:48:02.275 [info] > git config --get commit.template [13ms]
2026-01-21 22:48:02.276 [info] > git for-each-ref --format=%(refname)%00%(upstream:short)%00%(objectname)%00%(upstream:track)%00%(upstream:remotename)%00%(upstream:remoteref) refs/heads/main refs/remotes/main [2ms]
2026-01-21 22:48:02.302 [info] > git for-each-ref --sort -committerdate --format %(refname)%00%(objectname)%00%(*objectname) [2ms]
2026-01-21 22:48:02.358 [info] > git status -z -uall [74ms]
2026-01-21 22:48:07.381 [info] > git config --get commit.template [2ms]
2026-01-21 22:48:07.393 [info] > git for-each-ref --format=%(refname)%00%(upstream:short)%00%(objectname)%00%(upstream:track)%00%(upstream:remotename)%00%(upstream:remoteref) refs/heads/main refs/remotes/main [3ms]
2026-01-21 22:48:07.413 [info] > git for-each-ref --sort -committerdate --format %(refname)%00%(objectname)%00%(*objectname) [2ms]
2026-01-21 22:48:07.466 [info] > git status -z -uall [67ms]
2026-01-21 22:48:12.490 [info] > git config --get commit.template [7ms]
2026-01-21 22:48:12.492 [info] > git for-each-ref --format=%(refname)%00%(upstream:short)%00%(objectname)%00%(upstream:track)%00%(upstream:remotename)%00%(upstream:remoteref) refs/heads/main refs/remotes/main [3ms]
2026-01-21 22:48:12.519 [info] > git for-each-ref --sort -committerdate --format %(refname)%00%(objectname)%00%(*objectname) [5ms]
2026-01-21 22:48:12.563 [info] > git status -z -uall [63ms]
2026-01-21 22:48:17.590 [info] > git config --get commit.template [9ms]
2026-01-21 22:48:17.592 [info] > git for-each-ref --format=%(refname)%00%(upstream:short)%00%(objectname)%00%(upstream:track)%00%(upstream:remotename)%00%(upstream:remoteref) refs/heads/main refs/remotes/main [3ms]
2026-01-21 22:48:17.625 [info] > git for-each-ref --sort -committerdate --format %(refname)%00%(objectname)%00%(*objectname) [3ms]
2026-01-21 22:48:17.657 [info] > git status -z -uall [59ms]
2026-01-21 22:48:22.674 [info] > git config --get commit.template [2ms]
2026-01-21 22:48:22.682 [info] > git for-each-ref --format=%(refname)%00%(upstream:short)%00%(objectname)%00%(upstream:track)%00%(upstream:remotename)%00%(upstream:remoteref) refs/heads/main refs/remotes/main [2ms]
2026-01-21 22:48:22.707 [info] > git for-each-ref --sort -committerdate --format %(refname)%00%(objectname)%00%(*objectname) [7ms]
2026-01-21 22:48:22.754 [info] > git status -z -uall [66ms]
2026-01-21 22:48:27.786 [info] > git config --get commit.template [8ms]
2026-01-21 22:48:27.788 [info] > git for-each-ref --format=%(refname)%00%(upstream:short)%00%(objectname)%00%(upstream:track)%00%(upstream:remotename)%00%(upstream:remoteref) refs/heads/main refs/remotes/main [3ms]
2026-01-21 22:48:27.808 [info] > git for-each-ref --sort -committerdate --format %(refname)%00%(objectname)%00%(*objectname) [1ms]
2026-01-21 22:48:27.862 [info] > git status -z -uall [69ms]
2026-01-21 22:48:53.633 [info] > git config --get commit.template [6ms]
2026-01-21 22:48:53.651 [info] > git for-each-ref --format=%(refname)%00%(upstream:short)%00%(objectname)%00%(upstream:track)%00%(upstream:remotename)%00%(upstream:remoteref) refs/heads/main refs/remotes/main [5ms]
2026-01-21 22:48:53.722 [info] > git for-each-ref --sort -committerdate --format %(refname)%00%(objectname)%00%(*objectname) [11ms]
2026-01-21 22:48:53.761 [info] > git status -z -uall [97ms]
2026-01-21 22:48:58.789 [info] > git config --get commit.template [6ms]
2026-01-21 22:48:58.791 [info] > git for-each-ref --format=%(refname)%00%(upstream:short)%00%(objectname)%00%(upstream:track)%00%(upstream:remotename)%00%(upstream:remoteref) refs/heads/main refs/remotes/main [2ms]
2026-01-21 22:48:58.822 [info] > git for-each-ref --sort -committerdate --format %(refname)%00%(objectname)%00%(*objectname) [7ms]
2026-01-21 22:48:58.854 [info] > git status -z -uall [57ms]
2026-01-21 22:49:03.877 [info] > git config --get commit.template [7ms]
2026-01-21 22:49:03.879 [info] > git for-each-ref --format=%(refname)%00%(upstream:short)%00%(objectname)%00%(upstream:track)%00%(upstream:remotename)%00%(upstream:remoteref) refs/heads/main refs/remotes/main [3ms]
2026-01-21 22:49:03.909 [info] > git for-each-ref --sort -committerdate --format %(refname)%00%(objectname)%00%(*objectname) [2ms]
2026-01-21 22:49:03.945 [info] > git status -z -uall [59ms]
2026-01-21 22:49:08.968 [info] > git config --get commit.template [7ms]
2026-01-21 22:49:08.970 [info] > git for-each-ref --format=%(refname)%00%(upstream:short)%00%(objectname)%00%(upstream:track)%00%(upstream:remotename)%00%(upstream:remoteref) refs/heads/main refs/remotes/main [2ms]
2026-01-21 22:49:09.000 [info] > git for-each-ref --sort -committerdate --format %(refname)%00%(objectname)%00%(*objectname) [17ms]
2026-01-21 22:49:09.033 [info] > git status -z -uall [58ms]
2026-01-21 22:49:14.059 [info] > git config --get commit.template [8ms]
2026-01-21 22:49:14.061 [info] > git for-each-ref --format=%(refname)%00%(upstream:short)%00%(objectname)%00%(upstream:track)%00%(upstream:remotename)%00%(upstream:remoteref) refs/heads/main refs/remotes/main [3ms]
2026-01-21 22:49:14.089 [info] > git for-each-ref --sort -committerdate --format %(refname)%00%(objectname)%00%(*objectname) [10ms]
2026-01-21 22:49:14.132 [info] > git status -z -uall [64ms]
2026-01-21 22:49:19.156 [info] > git config --get commit.template [7ms]
2026-01-21 22:49:19.158 [info] > git for-each-ref --format=%(refname)%00%(upstream:short)%00%(objectname)%00%(upstream:track)%00%(upstream:remotename)%00%(upstream:remoteref) refs/heads/main refs/remotes/main [3ms]
2026-01-21 22:49:19.185 [info] > git for-each-ref --sort -committerdate --format %(refname)%00%(objectname)%00%(*objectname) [4ms]
2026-01-21 22:49:19.240 [info] > git status -z -uall [76ms]
2026-01-21 22:49:24.268 [info] > git config --get commit.template [7ms]
2026-01-21 22:49:24.270 [info] > git for-each-ref --format=%(refname)%00%(upstream:short)%00%(objectname)%00%(upstream:track)%00%(upstream:remotename)%00%(upstream:remoteref) refs/heads/main refs/remotes/main [3ms]
2026-01-21 22:49:24.288 [info] > git for-each-ref --sort -committerdate --format %(refname)%00%(objectname)%00%(*objectname) [4ms]
2026-01-21 22:49:24.336 [info] > git status -z -uall [61ms]
2026-01-21 22:49:29.375 [info] > git config --get commit.template [21ms]
2026-01-21 22:49:29.378 [info] > git for-each-ref --format=%(refname)%00%(upstream:short)%00%(objectname)%00%(upstream:track)%00%(upstream:remotename)%00%(upstream:remoteref) refs/heads/main refs/remotes/main [5ms]
2026-01-21 22:49:29.468 [info] > git for-each-ref --sort -committerdate --format %(refname)%00%(objectname)%00%(*objectname) [51ms]
2026-01-21 22:49:29.519 [info] > git status -z -uall [129ms]
2026-01-21 22:49:34.553 [info] > git config --get commit.template [7ms]
2026-01-21 22:49:34.555 [info] > git for-each-ref --format=%(refname)%00%(upstream:short)%00%(objectname)%00%(upstream:track)%00%(upstream:remotename)%00%(upstream:remoteref) refs/heads/main refs/remotes/main [3ms]
2026-01-21 22:49:34.582 [info] > git for-each-ref --sort -committerdate --format %(refname)%00%(objectname)%00%(*objectname) [4ms]
2026-01-21 22:49:34.622 [info] > git status -z -uall [61ms]
2026-01-21 22:49:39.650 [info] > git config --get commit.template [8ms]
2026-01-21 22:49:39.652 [info] > git for-each-ref --format=%(refname)%00%(upstream:short)%00%(objectname)%00%(upstream:track)%00%(upstream:remotename)%00%(upstream:remoteref) refs/heads/main refs/remotes/main [3ms]
2026-01-21 22:49:39.668 [info] > git for-each-ref --sort -committerdate --format %(refname)%00%(objectname)%00%(*objectname) [3ms]
2026-01-21 22:49:39.716 [info] > git status -z -uall [58ms]
2026-01-21 22:49:44.742 [info] > git config --get commit.template [7ms]
2026-01-21 22:49:44.743 [info] > git for-each-ref --format=%(refname)%00%(upstream:short)%00%(objectname)%00%(upstream:track)%00%(upstream:remotename)%00%(upstream:remoteref) refs/heads/main refs/remotes/main [2ms]
2026-01-21 22:49:44.764 [info] > git for-each-ref --sort -committerdate --format %(refname)%00%(objectname)%00%(*objectname) [1ms]
2026-01-21 22:49:44.810 [info] > git status -z -uall [60ms]
2026-01-21 22:49:49.831 [info] > git config --get commit.template [4ms]
2026-01-21 22:49:49.840 [info] > git for-each-ref --format=%(refname)%00%(upstream:short)%00%(objectname)%00%(upstream:track)%00%(upstream:remotename)%00%(upstream:remoteref) refs/heads/main refs/remotes/main [3ms]
2026-01-21 22:49:49.864 [info] > git for-each-ref --sort -committerdate --format %(refname)%00%(objectname)%00%(*objectname) [4ms]
2026-01-21 22:49:49.920 [info] > git status -z -uall [73ms]
2026-01-21 22:49:54.940 [info] > git config --get commit.template [2ms]
2026-01-21 22:49:54.949 [info] > git for-each-ref --format=%(refname)%00%(upstream:short)%00%(objectname)%00%(upstream:track)%00%(upstream:remotename)%00%(upstream:remoteref) refs/heads/main refs/remotes/main [3ms]
2026-01-21 22:49:54.970 [info] > git for-each-ref --sort -committerdate --format %(refname)%00%(objectname)%00%(*objectname) [4ms]
2026-01-21 22:49:55.014 [info] > git status -z -uall [59ms]
2026-01-21 22:50:00.037 [info] > git config --get commit.template [7ms]
2026-01-21 22:50:00.039 [info] > git for-each-ref --format=%(refname)%00%(upstream:short)%00%(objectname)%00%(upstream:track)%00%(upstream:remotename)%00%(upstream:remoteref) refs/heads/main refs/remotes/main [3ms]
2026-01-21 22:50:00.073 [info] > git for-each-ref --sort -committerdate --format %(refname)%00%(objectname)%00%(*objectname) [2ms]
2026-01-21 22:50:00.104 [info] > git status -z -uall [59ms]
2026-01-21 22:50:05.128 [info] > git config --get commit.template [8ms]
2026-01-21 22:50:05.130 [info] > git for-each-ref --format=%(refname)%00%(upstream:short)%00%(objectname)%00%(upstream:track)%00%(upstream:remotename)%00%(upstream:remoteref) refs/heads/main refs/remotes/main [3ms]
2026-01-21 22:50:05.163 [info] > git for-each-ref --sort -committerdate --format %(refname)%00%(objectname)%00%(*objectname) [6ms]
2026-01-21 22:50:05.200 [info] > git status -z -uall [62ms]
2026-01-21 22:50:10.222 [info] > git config --get commit.template [7ms]
2026-01-21 22:50:10.224 [info] > git for-each-ref --format=%(refname)%00%(upstream:short)%00%(objectname)%00%(upstream:track)%00%(upstream:remotename)%00%(upstream:remoteref) refs/heads/main refs/remotes/main [3ms]
2026-01-21 22:50:10.263 [info] > git for-each-ref --sort -committerdate --format %(refname)%00%(objectname)%00%(*objectname) [2ms]
2026-01-21 22:50:10.299 [info] > git status -z -uall [69ms]
2026-01-21 22:50:15.322 [info] > git config --get commit.template [7ms]
2026-01-21 22:50:15.324 [info] > git for-each-ref --format=%(refname)%00%(upstream:short)%00%(objectname)%00%(upstream:track)%00%(upstream:remotename)%00%(upstream:remoteref) refs/heads/main refs/remotes/main [3ms]
2026-01-21 22:50:15.344 [info] > git for-each-ref --sort -committerdate --format %(refname)%00%(objectname)%00%(*objectname) [3ms]
2026-01-21 22:50:15.389 [info] > git status -z -uall [60ms]
2026-01-21 22:50:20.418 [info] > git config --get commit.template [3ms]
2026-01-21 22:50:20.437 [info] > git for-each-ref --format=%(refname)%00%(upstream:short)%00%(objectname)%00%(upstream:track)%00%(upstream:remotename)%00%(upstream:remoteref) refs/heads/main refs/remotes/main [5ms]
2026-01-21 22:50:20.465 [info] > git for-each-ref --sort -committerdate --format %(refname)%00%(objectname)%00%(*objectname) [6ms]
2026-01-21 22:50:20.598 [info] > git status -z -uall [151ms]
2026-01-21 22:50:25.624 [info] > git config --get commit.template [7ms]
2026-01-21 22:50:25.626 [info] > git for-each-ref --format=%(refname)%00%(upstream:short)%00%(objectname)%00%(upstream:track)%00%(upstream:remotename)%00%(upstream:remoteref) refs/heads/main refs/remotes/main [2ms]
2026-01-21 22:50:25.646 [info] > git for-each-ref --sort -committerdate --format %(refname)%00%(objectname)%00%(*objectname) [2ms]
2026-01-21 22:50:25.695 [info] > git status -z -uall [61ms]
2026-01-21 22:50:30.717 [info] > git config --get commit.template [7ms]
2026-01-21 22:50:30.719 [info] > git for-each-ref --format=%(refname)%00%(upstream:short)%00%(objectname)%00%(upstream:track)%00%(upstream:remotename)%00%(upstream:remoteref) refs/heads/main refs/remotes/main [3ms]
2026-01-21 22:50:30.742 [info] > git for-each-ref --sort -committerdate --format %(refname)%00%(objectname)%00%(*objectname) [8ms]
2026-01-21 22:50:30.789 [info] > git status -z -uall [64ms]
2026-01-21 22:50:35.812 [info] > git config --get commit.template [7ms]
2026-01-21 22:50:35.814 [info] > git for-each-ref --format=%(refname)%00%(upstream:short)%00%(objectname)%00%(upstream:track)%00%(upstream:remotename)%00%(upstream:remoteref) refs/heads/main refs/remotes/main [3ms]
2026-01-21 22:50:35.855 [info] > git for-each-ref --sort -committerdate --format %(refname)%00%(objectname)%00%(*objectname) [8ms]
2026-01-21 22:50:35.883 [info] > git status -z -uall [61ms]
2026-01-21 22:50:40.903 [info] > git config --get commit.template [6ms]
2026-01-21 22:50:40.905 [info] > git for-each-ref --format=%(refname)%00%(upstream:short)%00%(objectname)%00%(upstream:track)%00%(upstream:remotename)%00%(upstream:remoteref) refs/heads/main refs/remotes/main [2ms]
2026-01-21 22:50:40.924 [info] > git for-each-ref --sort -committerdate --format %(refname)%00%(objectname)%00%(*objectname) [4ms]
2026-01-21 22:50:40.973 [info] > git status -z -uall [61ms]
2026-01-21 22:50:46.002 [info] > git config --get commit.template [9ms]
2026-01-21 22:50:46.005 [info] > git for-each-ref --format=%(refname)%00%(upstream:short)%00%(objectname)%00%(upstream:track)%00%(upstream:remotename)%00%(upstream:remoteref) refs/heads/main refs/remotes/main [4ms]
2026-01-21 22:50:46.047 [info] > git for-each-ref --sort -committerdate --format %(refname)%00%(objectname)%00%(*objectname) [13ms]
2026-01-21 22:50:46.081 [info] > git status -z -uall [68ms]
2026-01-21 22:50:51.106 [info] > git config --get commit.template [7ms]
2026-01-21 22:50:51.108 [info] > git for-each-ref --format=%(refname)%00%(upstream:short)%00%(objectname)%00%(upstream:track)%00%(upstream:remotename)%00%(upstream:remoteref) refs/heads/main refs/remotes/main [3ms]
2026-01-21 22:50:51.128 [info] > git for-each-ref --sort -committerdate --format %(refname)%00%(objectname)%00%(*objectname) [6ms]
2026-01-21 22:50:51.182 [info] > git status -z -uall [68ms]
2026-01-21 22:50:56.206 [info] > git config --get commit.template [3ms]
2026-01-21 22:50:56.215 [info] > git for-each-ref --format=%(refname)%00%(upstream:short)%00%(objectname)%00%(upstream:track)%00%(upstream:remotename)%00%(upstream:remoteref) refs/heads/main refs/remotes/main [2ms]
2026-01-21 22:50:56.241 [info] > git for-each-ref --sort -committerdate --format %(refname)%00%(objectname)%00%(*objectname) [2ms]
2026-01-21 22:50:56.294 [info] > git status -z -uall [69ms]
2026-01-21 22:51:01.318 [info] > git config --get commit.template [7ms]
2026-01-21 22:51:01.320 [info] > git for-each-ref --format=%(refname)%00%(upstream:short)%00%(objectname)%00%(upstream:track)%00%(upstream:remotename)%00%(upstream:remoteref) refs/heads/main refs/remotes/main [3ms]
2026-01-21 22:51:01.353 [info] > git for-each-ref --sort -committerdate --format %(refname)%00%(objectname)%00%(*objectname) [3ms]
2026-01-21 22:51:01.387 [info] > git status -z -uall [60ms]
2026-01-21 22:51:06.411 [info] > git config --get commit.template [6ms]
2026-01-21 22:51:06.413 [info] > git for-each-ref --format=%(refname)%00%(upstream:short)%00%(objectname)%00%(upstream:track)%00%(upstream:remotename)%00%(upstream:remoteref) refs/heads/main refs/remotes/main [3ms]
2026-01-21 22:51:06.437 [info] > git for-each-ref --sort -committerdate --format %(refname)%00%(objectname)%00%(*objectname) [4ms]
2026-01-21 22:51:06.483 [info] > git status -z -uall [63ms]
2026-01-21 22:51:11.508 [info] > git config --get commit.template [10ms]
2026-01-21 22:51:11.510 [info] > git for-each-ref --format=%(refname)%00%(upstream:short)%00%(objectname)%00%(upstream:track)%00%(upstream:remotename)%00%(upstream:remoteref) refs/heads/main refs/remotes/main [4ms]
2026-01-21 22:51:11.529 [info] > git for-each-ref --sort -committerdate --format %(refname)%00%(objectname)%00%(*objectname) [6ms]
2026-01-21 22:51:11.575 [info] > git status -z -uall [59ms]
2026-01-21 22:51:16.599 [info] > git config --get commit.template [6ms]
2026-01-21 22:51:16.601 [info] > git for-each-ref --format=%(refname)%00%(upstream:short)%00%(objectname)%00%(upstream:track)%00%(upstream:remotename)%00%(upstream:remoteref) refs/heads/main refs/remotes/main [3ms]
2026-01-21 22:51:16.638 [info] > git for-each-ref --sort -committerdate --format %(refname)%00%(objectname)%00%(*objectname) [23ms]
2026-01-21 22:51:16.680 [info] > git status -z -uall [72ms]
2026-01-21 22:51:21.704 [info] > git config --get commit.template [6ms]
2026-01-21 22:51:21.706 [info] > git for-each-ref --format=%(refname)%00%(upstream:short)%00%(objectname)%00%(upstream:track)%00%(upstream:remotename)%00%(upstream:remoteref) refs/heads/main refs/remotes/main [3ms]
2026-01-21 22:51:21.735 [info] > git for-each-ref --sort -committerdate --format %(refname)%00%(objectname)%00%(*objectname) [3ms]
2026-01-21 22:51:21.771 [info] > git status -z -uall [57ms]
2026-01-21 22:51:26.797 [info] > git config --get commit.template [10ms]
2026-01-21 22:51:26.799 [info] > git for-each-ref --format=%(refname)%00%(upstream:short)%00%(objectname)%00%(upstream:track)%00%(upstream:remotename)%00%(upstream:remoteref) refs/heads/main refs/remotes/main [3ms]
2026-01-21 22:51:26.847 [info] > git for-each-ref --sort -committerdate --format %(refname)%00%(objectname)%00%(*objectname) [15ms]
2026-01-21 22:51:26.883 [info] > git status -z -uall [75ms]
2026-01-21 22:51:31.911 [info] > git config --get commit.template [9ms]
2026-01-21 22:51:31.913 [info] > git for-each-ref --format=%(refname)%00%(upstream:short)%00%(objectname)%00%(upstream:track)%00%(upstream:remotename)%00%(upstream:remoteref) refs/heads/main refs/remotes/main [3ms]
2026-01-21 22:51:31.944 [info] > git for-each-ref --sort -committerdate --format %(refname)%00%(objectname)%00%(*objectname) [13ms]
2026-01-21 22:51:31.999 [info] > git status -z -uall [80ms]
2026-01-21 22:51:37.025 [info] > git config --get commit.template [8ms]
2026-01-21 22:51:37.026 [info] > git for-each-ref --format=%(refname)%00%(upstream:short)%00%(objectname)%00%(upstream:track)%00%(upstream:remotename)%00%(upstream:remoteref) refs/heads/main refs/remotes/main [3ms]
2026-01-21 22:51:37.058 [info] > git for-each-ref --sort -committerdate --format %(refname)%00%(objectname)%00%(*objectname) [9ms]
2026-01-21 22:51:37.129 [info] > git status -z -uall [96ms]
2026-01-21 22:51:42.168 [info] > git config --get commit.template [6ms]
2026-01-21 22:51:42.169 [info] > git for-each-ref --format=%(refname)%00%(upstream:short)%00%(objectname)%00%(upstream:track)%00%(upstream:remotename)%00%(upstream:remoteref) refs/heads/main refs/remotes/main [2ms]
2026-01-21 22:51:42.196 [info] > git for-each-ref --sort -committerdate --format %(refname)%00%(objectname)%00%(*objectname) [3ms]
2026-01-21 22:51:42.239 [info] > git status -z -uall [63ms]
2026-01-21 22:51:47.265 [info] > git config --get commit.template [7ms]
2026-01-21 22:51:47.266 [info] > git for-each-ref --format=%(refname)%00%(upstream:short)%00%(objectname)%00%(upstream:track)%00%(upstream:remotename)%00%(upstream:remoteref) refs/heads/main refs/remotes/main [2ms]
2026-01-21 22:51:47.298 [info] > git for-each-ref --sort -committerdate --format %(refname)%00%(objectname)%00%(*objectname) [10ms]
2026-01-21 22:51:47.331 [info] > git status -z -uall [59ms]
2026-01-21 22:51:52.348 [info] > git config --get commit.template [2ms]
2026-01-21 22:51:52.356 [info] > git for-each-ref --format=%(refname)%00%(upstream:short)%00%(objectname)%00%(upstream:track)%00%(upstream:remotename)%00%(upstream:remoteref) refs/heads/main refs/remotes/main [3ms]
2026-01-21 22:51:52.382 [info] > git for-each-ref --sort -committerdate --format %(refname)%00%(objectname)%00%(*objectname) [8ms]
2026-01-21 22:51:52.420 [info] > git status -z -uall [58ms]
2026-01-21 22:51:57.446 [info] > git config --get commit.template [7ms]
2026-01-21 22:51:57.448 [info] > git for-each-ref --format=%(refname)%00%(upstream:short)%00%(objectname)%00%(upstream:track)%00%(upstream:remotename)%00%(upstream:remoteref) refs/heads/main refs/remotes/main [3ms]
2026-01-21 22:51:57.478 [info] > git for-each-ref --sort -committerdate --format %(refname)%00%(objectname)%00%(*objectname) [6ms]
2026-01-21 22:51:57.529 [info] > git status -z -uall [73ms]
2026-01-21 22:52:02.555 [info] > git config --get commit.template [8ms]
2026-01-21 22:52:02.557 [info] > git for-each-ref --format=%(refname)%00%(upstream:short)%00%(objectname)%00%(upstream:track)%00%(upstream:remotename)%00%(upstream:remoteref) refs/heads/main refs/remotes/main [3ms]
2026-01-21 22:52:02.580 [info] > git for-each-ref --sort -committerdate --format %(refname)%00%(objectname)%00%(*objectname) [8ms]
2026-01-21 22:52:02.633 [info] > git status -z -uall [69ms]
2026-01-21 22:52:07.661 [info] > git config --get commit.template [6ms]
2026-01-21 22:52:07.662 [info] > git for-each-ref --format=%(refname)%00%(upstream:short)%00%(objectname)%00%(upstream:track)%00%(upstream:remotename)%00%(upstream:remoteref) refs/heads/main refs/remotes/main [2ms]
2026-01-21 22:52:07.683 [info] > git for-each-ref --sort -committerdate --format %(refname)%00%(objectname)%00%(*objectname) [7ms]
2026-01-21 22:52:07.728 [info] > git status -z -uall [60ms]
2026-01-21 22:52:12.752 [info] > git config --get commit.template [7ms]
2026-01-21 22:52:12.753 [info] > git for-each-ref --format=%(refname)%00%(upstream:short)%00%(objectname)%00%(upstream:track)%00%(upstream:remotename)%00%(upstream:remoteref) refs/heads/main refs/remotes/main [2ms]
2026-01-21 22:52:12.792 [info] > git for-each-ref --sort -committerdate --format %(refname)%00%(objectname)%00%(*objectname) [15ms]
2026-01-21 22:52:12.820 [info] > git status -z -uall [60ms]
2026-01-21 22:52:17.844 [info] > git config --get commit.template [7ms]
2026-01-21 22:52:17.846 [info] > git for-each-ref --format=%(refname)%00%(upstream:short)%00%(objectname)%00%(upstream:track)%00%(upstream:remotename)%00%(upstream:remoteref) refs/heads/main refs/remotes/main [3ms]
2026-01-21 22:52:17.874 [info] > git for-each-ref --sort -committerdate --format %(refname)%00%(objectname)%00%(*objectname) [5ms]
2026-01-21 22:52:17.908 [info] > git status -z -uall [56ms]
2026-01-21 22:52:22.927 [info] > git config --get commit.template [2ms]
2026-01-21 22:52:22.935 [info] > git for-each-ref --format=%(refname)%00%(upstream:short)%00%(objectname)%00%(upstream:track)%00%(upstream:remotename)%00%(upstream:remoteref) refs/heads/main refs/remotes/main [2ms]
2026-01-21 22:52:22.963 [info] > git for-each-ref --sort -committerdate --format %(refname)%00%(objectname)%00%(*objectname) [8ms]
2026-01-21 22:52:22.999 [info] > git status -z -uall [57ms]
2026-01-21 22:52:28.022 [info] > git config --get commit.template [7ms]
2026-01-21 22:52:28.024 [info] > git for-each-ref --format=%(refname)%00%(upstream:short)%00%(objectname)%00%(upstream:track)%00%(upstream:remotename)%00%(upstream:remoteref) refs/heads/main refs/remotes/main [3ms]
2026-01-21 22:52:28.040 [info] > git for-each-ref --sort -committerdate --format %(refname)%00%(objectname)%00%(*objectname) [3ms]
2026-01-21 22:52:28.099 [info] > git status -z -uall [69ms]
2026-01-21 22:52:33.127 [info] > git config --get commit.template [9ms]
2026-01-21 22:52:33.129 [info] > git for-each-ref --format=%(refname)%00%(upstream:short)%00%(objectname)%00%(upstream:track)%00%(upstream:remotename)%00%(upstream:remoteref) refs/heads/main refs/remotes/main [4ms]
2026-01-21 22:52:33.155 [info] > git for-each-ref --sort -committerdate --format %(refname)%00%(objectname)%00%(*objectname) [4ms]
2026-01-21 22:52:33.199 [info] > git status -z -uall [62ms]
2026-01-21 22:52:38.222 [info] > git config --get commit.template [7ms]
2026-01-21 22:52:38.223 [info] > git for-each-ref --format=%(refname)%00%(upstream:short)%00%(objectname)%00%(upstream:track)%00%(upstream:remotename)%00%(upstream:remoteref) refs/heads/main refs/remotes/main [2ms]
2026-01-21 22:52:38.257 [info] > git for-each-ref --sort -committerdate --format %(refname)%00%(objectname)%00%(*objectname) [8ms]
2026-01-21 22:52:38.290 [info] > git status -z -uall [59ms]
2026-01-21 22:52:43.314 [info] > git config --get commit.template [7ms]
2026-01-21 22:52:43.316 [info] > git for-each-ref --format=%(refname)%00%(upstream:short)%00%(objectname)%00%(upstream:track)%00%(upstream:remotename)%00%(upstream:remoteref) refs/heads/main refs/remotes/main [4ms]
2026-01-21 22:52:43.348 [info] > git for-each-ref --sort -committerdate --format %(refname)%00%(objectname)%00%(*objectname) [12ms]
2026-01-21 22:52:43.382 [info] > git status -z -uall [60ms]
2026-01-21 22:52:48.405 [info] > git config --get commit.template [9ms]
2026-01-21 22:52:48.406 [info] > git for-each-ref --format=%(refname)%00%(upstream:short)%00%(objectname)%00%(upstream:track)%00%(upstream:remotename)%00%(upstream:remoteref) refs/heads/main refs/remotes/main [4ms]
2026-01-21 22:52:48.427 [info] > git for-each-ref --sort -committerdate --format %(refname)%00%(objectname)%00%(*objectname) [7ms]
2026-01-21 22:52:48.474 [info] > git status -z -uall [62ms]
2026-01-21 22:52:53.498 [info] > git config --get commit.template [8ms]
2026-01-21 22:52:53.500 [info] > git for-each-ref --format=%(refname)%00%(upstream:short)%00%(objectname)%00%(upstream:track)%00%(upstream:remotename)%00%(upstream:remoteref) refs/heads/main refs/remotes/main [3ms]
2026-01-21 22:52:53.521 [info] > git for-each-ref --sort -committerdate --format %(refname)%00%(objectname)%00%(*objectname) [4ms]
2026-01-21 22:52:53.576 [info] > git status -z -uall [69ms]
2026-01-21 22:52:58.608 [info] > git config --get commit.template [9ms]
2026-01-21 22:52:58.610 [info] > git for-each-ref --format=%(refname)%00%(upstream:short)%00%(objectname)%00%(upstream:track)%00%(upstream:remotename)%00%(upstream:remoteref) refs/heads/main refs/remotes/main [3ms]
2026-01-21 22:52:58.648 [info] > git for-each-ref --sort -committerdate --format %(refname)%00%(objectname)%00%(*objectname) [17ms]
2026-01-21 22:52:58.679 [info] > git status -z -uall [64ms]
2026-01-21 22:53:03.704 [info] > git config --get commit.template [7ms]
2026-01-21 22:53:03.706 [info] > git for-each-ref --format=%(refname)%00%(upstream:short)%00%(objectname)%00%(upstream:track)%00%(upstream:remotename)%00%(upstream:remoteref) refs/heads/main refs/remotes/main [3ms]
2026-01-21 22:53:03.734 [info] > git for-each-ref --sort -committerdate --format %(refname)%00%(objectname)%00%(*objectname) [7ms]
2026-01-21 22:53:03.779 [info] > git status -z -uall [67ms]
2026-01-21 22:53:08.805 [info] > git config --get commit.template [7ms]
2026-01-21 22:53:08.808 [info] > git for-each-ref --format=%(refname)%00%(upstream:short)%00%(objectname)%00%(upstream:track)%00%(upstream:remotename)%00%(upstream:remoteref) refs/heads/main refs/remotes/main [4ms]
2026-01-21 22:53:08.826 [info] > git for-each-ref --sort -committerdate --format %(refname)%00%(objectname)%00%(*objectname) [2ms]
2026-01-21 22:53:08.880 [info] > git status -z -uall [66ms]
2026-01-21 22:53:13.907 [info] > git config --get commit.template [9ms]
2026-01-21 22:53:13.909 [info] > git for-each-ref --format=%(refname)%00%(upstream:short)%00%(objectname)%00%(upstream:track)%00%(upstream:remotename)%00%(upstream:remoteref) refs/heads/main refs/remotes/main [3ms]
2026-01-21 22:53:13.931 [info] > git for-each-ref --sort -committerdate --format %(refname)%00%(objectname)%00%(*objectname) [1ms]
2026-01-21 22:53:13.977 [info] > git status -z -uall [60ms]
2026-01-21 22:53:19.012 [info] > git config --get commit.template [8ms]
2026-01-21 22:53:19.029 [info] > git for-each-ref --format=%(refname)%00%(upstream:short)%00%(objectname)%00%(upstream:track)%00%(upstream:remotename)%00%(upstream:remoteref) refs/heads/main refs/remotes/main [5ms]
2026-01-21 22:53:19.078 [info] > git for-each-ref --sort -committerdate --format %(refname)%00%(objectname)%00%(*objectname) [27ms]
2026-01-21 22:53:19.147 [info] > git status -z -uall [105ms]
2026-01-21 22:53:24.169 [info] > git config --get commit.template [2ms]
2026-01-21 22:53:24.177 [info] > git for-each-ref --format=%(refname)%00%(upstream:short)%00%(objectname)%00%(upstream:track)%00%(upstream:remotename)%00%(upstream:remoteref) refs/heads/main refs/remotes/main [2ms]
2026-01-21 22:53:24.199 [info] > git for-each-ref --sort -committerdate --format %(refname)%00%(objectname)%00%(*objectname) [2ms]
2026-01-21 22:53:24.241 [info] > git status -z -uall [58ms]
2026-01-21 22:53:29.265 [info] > git config --get commit.template [7ms]
2026-01-21 22:53:29.267 [info] > git for-each-ref --format=%(refname)%00%(upstream:short)%00%(objectname)%00%(upstream:track)%00%(upstream:remotename)%00%(upstream:remoteref) refs/heads/main refs/remotes/main [3ms]
2026-01-21 22:53:29.292 [info] > git for-each-ref --sort -committerdate --format %(refname)%00%(objectname)%00%(*objectname) [4ms]
2026-01-21 22:53:29.337 [info] > git status -z -uall [63ms]
2026-01-21 22:53:34.366 [info] > git config --get commit.template [10ms]
2026-01-21 22:53:34.367 [info] > git for-each-ref --format=%(refname)%00%(upstream:short)%00%(objectname)%00%(upstream:track)%00%(upstream:remotename)%00%(upstream:remoteref) refs/heads/main refs/remotes/main [4ms]
2026-01-21 22:53:34.407 [info] > git for-each-ref --sort -committerdate --format %(refname)%00%(objectname)%00%(*objectname) [3ms]
2026-01-21 22:53:34.447 [info] > git status -z -uall [72ms]
2026-01-21 22:53:39.473 [info] > git config --get commit.template [8ms]
2026-01-21 22:53:39.475 [info] > git for-each-ref --format=%(refname)%00%(upstream:short)%00%(objectname)%00%(upstream:track)%00%(upstream:remotename)%00%(upstream:remoteref) refs/heads/main refs/remotes/main [3ms]
2026-01-21 22:53:39.506 [info] > git for-each-ref --sort -committerdate --format %(refname)%00%(objectname)%00%(*objectname) [6ms]
2026-01-21 22:53:39.541 [info] > git status -z -uall [60ms]
2026-01-21 22:53:44.568 [info] > git config --get commit.template [9ms]
2026-01-21 22:53:44.571 [info] > git for-each-ref --format=%(refname)%00%(upstream:short)%00%(objectname)%00%(upstream:track)%00%(upstream:remotename)%00%(upstream:remoteref) refs/heads/main refs/remotes/main [4ms]
2026-01-21 22:53:44.610 [info] > git for-each-ref --sort -committerdate --format %(refname)%00%(objectname)%00%(*objectname) [10ms]
2026-01-21 22:53:44.662 [info] > git status -z -uall [84ms]
2026-01-21 22:53:49.687 [info] > git config --get commit.template [7ms]
2026-01-21 22:53:49.690 [info] > git for-each-ref --format=%(refname)%00%(upstream:short)%00%(objectname)%00%(upstream:track)%00%(upstream:remotename)%00%(upstream:remoteref) refs/heads/main refs/remotes/main [3ms]
2026-01-21 22:53:49.714 [info] > git for-each-ref --sort -committerdate --format %(refname)%00%(objectname)%00%(*objectname) [6ms]
2026-01-21 22:53:49.751 [info] > git status -z -uall [54ms]
2026-01-21 22:53:54.775 [info] > git config --get commit.template [7ms]
2026-01-21 22:53:54.777 [info] > git for-each-ref --format=%(refname)%00%(upstream:short)%00%(objectname)%00%(upstream:track)%00%(upstream:remotename)%00%(upstream:remoteref) refs/heads/main refs/remotes/main [3ms]
2026-01-21 22:53:54.802 [info] > git for-each-ref --sort -committerdate --format %(refname)%00%(objectname)%00%(*objectname) [4ms]
2026-01-21 22:53:54.838 [info] > git status -z -uall [56ms]
2026-01-21 22:53:59.860 [info] > git config --get commit.template [7ms]
2026-01-21 22:53:59.861 [info] > git for-each-ref --format=%(refname)%00%(upstream:short)%00%(objectname)%00%(upstream:track)%00%(upstream:remotename)%00%(upstream:remoteref) refs/heads/main refs/remotes/main [2ms]
2026-01-21 22:53:59.887 [info] > git for-each-ref --sort -committerdate --format %(refname)%00%(objectname)%00%(*objectname) [5ms]
2026-01-21 22:53:59.924 [info] > git status -z -uall [57ms]
2026-01-21 22:54:04.947 [info] > git config --get commit.template [7ms]
2026-01-21 22:54:04.949 [info] > git for-each-ref --format=%(refname)%00%(upstream:short)%00%(objectname)%00%(upstream:track)%00%(upstream:remotename)%00%(upstream:remoteref) refs/heads/main refs/remotes/main [3ms]
2026-01-21 22:54:04.975 [info] > git for-each-ref --sort -committerdate --format %(refname)%00%(objectname)%00%(*objectname) [1ms]
2026-01-21 22:54:05.016 [info] > git status -z -uall [61ms]
2026-01-21 22:54:10.039 [info] > git config --get commit.template [7ms]
2026-01-21 22:54:10.041 [info] > git for-each-ref --format=%(refname)%00%(upstream:short)%00%(objectname)%00%(upstream:track)%00%(upstream:remotename)%00%(upstream:remoteref) refs/heads/main refs/remotes/main [3ms]
2026-01-21 22:54:10.065 [info] > git for-each-ref --sort -committerdate --format %(refname)%00%(objectname)%00%(*objectname) [10ms]
2026-01-21 22:54:10.112 [info] > git status -z -uall [65ms]
2026-01-21 22:54:15.137 [info] > git config --get commit.template [7ms]
2026-01-21 22:54:15.139 [info] > git for-each-ref --format=%(refname)%00%(upstream:short)%00%(objectname)%00%(upstream:track)%00%(upstream:remotename)%00%(upstream:remoteref) refs/heads/main refs/remotes/main [3ms]
2026-01-21 22:54:15.169 [info] > git for-each-ref --sort -committerdate --format %(refname)%00%(objectname)%00%(*objectname) [15ms]
2026-01-21 22:54:15.200 [info] > git status -z -uall [54ms]
2026-01-21 22:54:20.225 [info] > git config --get commit.template [9ms]
2026-01-21 22:54:20.227 [info] > git for-each-ref --format=%(refname)%00%(upstream:short)%00%(objectname)%00%(upstream:track)%00%(upstream:remotename)%00%(upstream:remoteref) refs/heads/main refs/remotes/main [3ms]
2026-01-21 22:54:20.243 [info] > git for-each-ref --sort -committerdate --format %(refname)%00%(objectname)%00%(*objectname) [0ms]
2026-01-21 22:54:20.290 [info] > git status -z -uall [57ms]
2026-01-21 22:54:25.312 [info] > git config --get commit.template [6ms]
2026-01-21 22:54:25.314 [info] > git for-each-ref --format=%(refname)%00%(upstream:short)%00%(objectname)%00%(upstream:track)%00%(upstream:remotename)%00%(upstream:remoteref) refs/heads/main refs/remotes/main [2ms]
2026-01-21 22:54:25.341 [info] > git for-each-ref --sort -committerdate --format %(refname)%00%(objectname)%00%(*objectname) [7ms]
2026-01-21 22:54:25.383 [info] > git status -z -uall [63ms]
2026-01-21 22:54:30.405 [info] > git config --get commit.template [2ms]
2026-01-21 22:54:30.413 [info] > git for-each-ref --format=%(refname)%00%(upstream:short)%00%(objectname)%00%(upstream:track)%00%(upstream:remotename)%00%(upstream:remoteref) refs/heads/main refs/remotes/main [2ms]
2026-01-21 22:54:30.444 [info] > git for-each-ref --sort -committerdate --format %(refname)%00%(objectname)%00%(*objectname) [13ms]
2026-01-21 22:54:30.477 [info] > git status -z -uall [58ms]
2026-01-21 22:54:35.502 [info] > git config --get commit.template [7ms]
2026-01-21 22:54:35.503 [info] > git for-each-ref --format=%(refname)%00%(upstream:short)%00%(objectname)%00%(upstream:track)%00%(upstream:remotename)%00%(upstream:remoteref) refs/heads/main refs/remotes/main [2ms]
2026-01-21 22:54:35.525 [info] > git for-each-ref --sort -committerdate --format %(refname)%00%(objectname)%00%(*objectname) [8ms]
2026-01-21 22:54:35.569 [info] > git status -z -uall [60ms]
2026-01-21 22:55:06.985 [info] > git config --get commit.template [2ms]
2026-01-21 22:55:07.000 [info] > git for-each-ref --format=%(refname)%00%(upstream:short)%00%(objectname)%00%(upstream:track)%00%(upstream:remotename)%00%(upstream:remoteref) refs/heads/main refs/remotes/main [3ms]
2026-01-21 22:55:07.023 [info] > git for-each-ref --sort -committerdate --format %(refname)%00%(objectname)%00%(*objectname) [6ms]
2026-01-21 22:55:07.092 [info] > git status -z -uall [84ms]
